,k__Bacteria|p__Bacteroidetes|c__Bacteroidia|o__Bacteroidales|f__Prevotellaceae|g__Prevotella|s__Prevotella_copri,k__Bacteria|p__Bacteroidetes|c__Bacteroidia|o__Bacteroidales|f__Barnesiellaceae|g__Barnesiella|s__Barnesiella_intestinihominis,k__Bacteria|p__Bacteroidetes|c__Bacteroidia|o__Bacteroidales|f__Rikenellaceae|g__Alistipes|s__Alistipes_putredinis,k__Bacteria|p__Firmicutes|c__Clostridia|o__Clostridiales|f__Ruminococcaceae|g__Faecalibacterium|s__Faecalibacterium_prausnitzii,k__Bacteria|p__Bacteroidetes|c__Bacteroidia|o__Bacteroidales|f__Bacteroidaceae|g__Bacteroides|s__Bacteroides_uniformis,k__Bacteria|p__Firmicutes|c__Clostridia|o__Clostridiales|f__Ruminococcaceae|g__Ruminococcus|s__Ruminococcus_bicirculans,k__Bacteria|p__Bacteroidetes|c__Bacteroidia|o__Bacteroidales|f__Tannerellaceae|g__Parabacteroides|s__Parabacteroides_distasonis,k__Bacteria|p__Bacteroidetes|c__Bacteroidia|o__Bacteroidales|f__Bacteroidaceae|g__Bacteroides|s__Bacteroides_vulgatus,k__Bacteria|p__Bacteroidetes|c__Bacteroidia|o__Bacteroidales|f__Rikenellaceae|g__Alistipes|s__Alistipes_finegoldii,k__Bacteria|p__Bacteroidetes|c__Bacteroidia|o__Bacteroidales|f__Tannerellaceae|g__Parabacteroides|s__Parabacteroides_merdae,k__Bacteria|p__Bacteroidetes|c__Bacteroidia|o__Bacteroidales|f__Bacteroidaceae|g__Bacteroides|s__Bacteroides_caccae,k__Bacteria|p__Bacteroidetes|c__Bacteroidia|o__Bacteroidales|f__Odoribacteraceae|g__Butyricimonas|s__Butyricimonas_virosa,k__Bacteria|p__Bacteroidetes|c__Bacteroidia|o__Bacteroidales|f__Bacteroidaceae|g__Bacteroides|s__Bacteroides_fragilis,k__Bacteria|p__Bacteroidetes|c__Bacteroidia|o__Bacteroidales|f__Odoribacteraceae|g__Odoribacter|s__Odoribacter_splanchnicus,k__Bacteria|p__Firmicutes|c__Negativicutes|o__Veillonellales|f__Veillonellaceae|g__Dialister|s__Dialister_invisus,k__Bacteria|p__Firmicutes|c__Clostridia|o__Clostridiales|f__Lachnospiraceae|g__Roseburia|s__Roseburia_faecis,k__Bacteria|p__Firmicutes|c__Firmicutes_unclassified|o__Firmicutes_unclassified|f__Firmicutes_unclassified|g__Firmicutes_unclassified|s__Firmicutes_bacterium_CAG_95,k__Bacteria|p__Bacteroidetes|c__Bacteroidia|o__Bacteroidales|f__Bacteroidaceae|g__Bacteroides|s__Bacteroides_ovatus,k__Bacteria|p__Bacteroidetes|c__Bacteroidia|o__Bacteroidales|f__Bacteroidaceae|g__Bacteroides|s__Bacteroides_thetaiotaomicron,k__Bacteria|p__Firmicutes|c__Clostridia|o__Clostridiales|f__Eubacteriaceae|g__Eubacterium|s__Eubacterium_eligens,k__Bacteria|p__Firmicutes|c__Clostridia|o__Clostridiales|f__Lachnospiraceae|g__Fusicatenibacter|s__Fusicatenibacter_saccharivorans,k__Bacteria|p__Bacteroidetes|c__Bacteroidia|o__Bacteroidales|f__Bacteroidaceae|g__Bacteroides|s__Bacteroides_sp_CAG_144,k__Bacteria|p__Proteobacteria|c__Betaproteobacteria|o__Burkholderiales|f__Sutterellaceae|g__Parasutterella|s__Parasutterella_excrementihominis,k__Bacteria|p__Firmicutes|c__Clostridia|o__Clostridiales|f__Oscillospiraceae|g__Oscillibacter|s__Oscillibacter_sp_57_20,k__Bacteria|p__Firmicutes|c__Clostridia|o__Clostridiales|f__Eubacteriaceae|g__Eubacterium|s__Eubacterium_sp_CAG_38,k__Bacteria|p__Verrucomicrobia|c__Verrucomicrobiae|o__Verrucomicrobiales|f__Akkermansiaceae|g__Akkermansia|s__Akkermansia_muciniphila,k__Bacteria|p__Firmicutes|c__Clostridia|o__Clostridiales|f__Lachnospiraceae|g__Anaerostipes|s__Anaerostipes_hadrus,k__Bacteria|p__Lentisphaerae|c__Lentisphaeria|o__Victivallales|f__Victivallaceae|g__Victivallis|s__Victivallis_vadensis,k__Bacteria|p__Firmicutes|c__Clostridia|o__Clostridiales|f__Lachnospiraceae|g__Blautia|s__Blautia_obeum,k__Bacteria|p__Firmicutes|c__Clostridia|o__Clostridiales|f__Ruminococcaceae|g__Ruminococcus|s__Ruminococcus_lactaris,k__Bacteria|p__Bacteroidetes|c__Bacteroidia|o__Bacteroidales|f__Bacteroidaceae|g__Bacteroides|s__Bacteroides_stercoris,k__Bacteria|p__Proteobacteria|c__Deltaproteobacteria|o__Desulfovibrionales|f__Desulfovibrionaceae|g__Desulfovibrionaceae_unclassified|s__Desulfovibrionaceae_bacterium,k__Bacteria|p__Firmicutes|c__Clostridia|o__Clostridiales|f__Lachnospiraceae|g__Dorea|s__Dorea_longicatena,k__Bacteria|p__Actinobacteria|c__Coriobacteriia|o__Coriobacteriales|f__Coriobacteriaceae|g__Collinsella|s__Collinsella_aerofaciens,k__Bacteria|p__Proteobacteria|c__Gammaproteobacteria|o__Enterobacterales|f__Enterobacteriaceae|g__Escherichia|s__Escherichia_coli,k__Bacteria|p__Bacteroidetes|c__Bacteroidia|o__Bacteroidales|f__Barnesiellaceae|g__Coprobacter|s__Coprobacter_fastidiosus,k__Bacteria|p__Firmicutes|c__Clostridia|o__Clostridiales|f__Ruminococcaceae|g__Gemmiger|s__Gemmiger_formicilis,k__Bacteria|p__Firmicutes|c__Clostridia|o__Clostridiales|f__Ruminococcaceae|g__Ruminococcus|s__Ruminococcus_callidus,k__Bacteria|p__Bacteroidetes|c__Bacteroidia|o__Bacteroidales|f__Rikenellaceae|g__Alistipes|s__Alistipes_indistinctus,k__Bacteria|p__Firmicutes|c__Clostridia|o__Clostridiales|f__Ruminococcaceae|g__Ruminococcaceae_unclassified|s__Ruminococcaceae_bacterium_D5,k__Bacteria|p__Firmicutes|c__Firmicutes_unclassified|o__Firmicutes_unclassified|f__Firmicutes_unclassified|g__Firmicutes_unclassified|s__Firmicutes_bacterium_CAG_110,k__Bacteria|p__Actinobacteria|c__Actinobacteria|o__Bifidobacteriales|f__Bifidobacteriaceae|g__Bifidobacterium|s__Bifidobacterium_longum,k__Bacteria|p__Proteobacteria|c__Deltaproteobacteria|o__Desulfovibrionales|f__Desulfovibrionaceae|g__Bilophila|s__Bilophila_wadsworthia,k__Bacteria|p__Firmicutes|c__Firmicutes_unclassified|o__Firmicutes_unclassified|f__Firmicutes_unclassified|g__Firmicutes_unclassified|s__Firmicutes_bacterium_CAG_83,k__Bacteria|p__Bacteroidetes|c__Bacteroidia|o__Bacteroidales|f__Rikenellaceae|g__Alistipes|s__Alistipes_inops,k__Bacteria|p__Firmicutes|c__Clostridia|o__Clostridiales|f__Clostridiaceae|g__Clostridium|s__Clostridium_sp_CAG_58,k__Bacteria|p__Actinobacteria|c__Coriobacteriia|o__Eggerthellales|f__Eggerthellaceae|g__Slackia|s__Slackia_isoflavoniconvertens,k__Bacteria|p__Firmicutes|c__Clostridia|o__Clostridiales|f__Eubacteriaceae|g__Eubacterium|s__Eubacterium_hallii,k__Bacteria|p__Firmicutes|c__Bacilli|o__Lactobacillales|f__Streptococcaceae|g__Streptococcus|s__Streptococcus_thermophilus,k__Bacteria|p__Firmicutes|c__Clostridia|o__Clostridiales|f__Lachnospiraceae|g__Coprococcus|s__Coprococcus_catus,k__Bacteria|p__Proteobacteria|c__Betaproteobacteria|o__Burkholderiales|f__Sutterellaceae|g__Turicimonas|s__Turicimonas_muris,k__Bacteria|p__Firmicutes|c__Clostridia|o__Clostridiales|f__Clostridiaceae|g__Clostridium|s__Clostridium_sp_CAG_242,k__Bacteria|p__Firmicutes|c__Clostridia|o__Clostridiales|f__Ruminococcaceae|g__Agathobaculum|s__Agathobaculum_butyriciproducens,k__Bacteria|p__Firmicutes|c__Clostridia|o__Clostridiales|f__Lachnospiraceae|g__Blautia|s__Ruminococcus_torques,k__Bacteria|p__Firmicutes|c__Negativicutes|o__Veillonellales|f__Veillonellaceae|g__Veillonella|s__Veillonella_dispar,k__Bacteria|p__Firmicutes|c__Negativicutes|o__Acidaminococcales|f__Acidaminococcaceae|g__Phascolarctobacterium|s__Phascolarctobacterium_faecium,k__Bacteria|p__Firmicutes|c__Negativicutes|o__Veillonellales|f__Veillonellaceae|g__Veillonella|s__Veillonella_parvula,k__Bacteria|p__Firmicutes|c__Clostridia|o__Clostridiales|f__Lachnospiraceae|g__Roseburia|s__Roseburia_sp_CAG_182,k__Bacteria|p__Firmicutes|c__Clostridia|o__Clostridiales|f__Lachnospiraceae|g__Dorea|s__Dorea_formicigenerans,k__Bacteria|p__Firmicutes|c__Clostridia|o__Clostridiales|f__Ruminococcaceae|g__Ruthenibacterium|s__Ruthenibacterium_lactatiformans,k__Bacteria|p__Firmicutes|c__Clostridia|o__Clostridiales|f__Ruminococcaceae|g__Ruminococcaceae_unclassified|s__Eubacterium_siraeum,k__Bacteria|p__Bacteroidetes|c__Bacteroidia|o__Bacteroidales|f__Rikenellaceae|g__Alistipes|s__Alistipes_shahii,k__Bacteria|p__Firmicutes|c__Erysipelotrichia|o__Erysipelotrichales|f__Erysipelotrichaceae|g__Holdemanella|s__Holdemanella_biformis,k__Bacteria|p__Proteobacteria|c__Gammaproteobacteria|o__Pasteurellales|f__Pasteurellaceae|g__Haemophilus|s__Haemophilus_parainfluenzae,k__Bacteria|p__Firmicutes|c__Clostridia|o__Clostridiales|f__Lachnospiraceae|g__Roseburia|s__Roseburia_hominis,k__Bacteria|p__Proteobacteria|c__Proteobacteria_unclassified|o__Proteobacteria_unclassified|f__Proteobacteria_unclassified|g__Proteobacteria_unclassified|s__Proteobacteria_bacterium_CAG_139,k__Bacteria|p__Firmicutes|c__Clostridia|o__Clostridiales|f__Clostridiales_unclassified|g__Lawsonibacter|s__Lawsonibacter_asaccharolyticus,k__Bacteria|p__Firmicutes|c__Firmicutes_unclassified|o__Firmicutes_unclassified|f__Firmicutes_unclassified|g__Firmicutes_unclassified|s__Firmicutes_bacterium_CAG_238,k__Bacteria|p__Firmicutes|c__Clostridia|o__Clostridiales|f__Lachnospiraceae|g__Coprococcus|s__Coprococcus_comes,k__Bacteria|p__Firmicutes|c__Firmicutes_unclassified|o__Firmicutes_unclassified|f__Firmicutes_unclassified|g__Firmicutes_unclassified|s__Firmicutes_bacterium_CAG_145,k__Bacteria|p__Firmicutes|c__Clostridia|o__Clostridiales|f__Lachnospiraceae|g__Butyrivibrio|s__Butyrivibrio_crossotus,k__Bacteria|p__Firmicutes|c__Negativicutes|o__Veillonellales|f__Veillonellaceae|g__Veillonella|s__Veillonella_infantium,k__Bacteria|p__Firmicutes|c__Clostridia|o__Clostridiales|f__Clostridiales_unclassified|g__Intestinimonas|s__Intestinimonas_butyriciproducens,k__Bacteria|p__Actinobacteria|c__Coriobacteriia|o__Eggerthellales|f__Eggerthellaceae|g__Asaccharobacter|s__Asaccharobacter_celatus,k__Bacteria|p__Firmicutes|c__Clostridia|o__Clostridiales|f__Clostridiaceae|g__Clostridium|s__Clostridium_bolteae_CAG_59,k__Bacteria|p__Firmicutes|c__Clostridia|o__Clostridiales|f__Lachnospiraceae|g__Roseburia|s__Roseburia_inulinivorans,k__Bacteria|p__Firmicutes|c__Bacilli|o__Lactobacillales|f__Streptococcaceae|g__Streptococcus|s__Streptococcus_salivarius,k__Bacteria|p__Actinobacteria|c__Coriobacteriia|o__Eggerthellales|f__Eggerthellaceae|g__Gordonibacter|s__Gordonibacter_pamelaeae,k__Bacteria|p__Firmicutes|c__Clostridia|o__Clostridiales|f__Eubacteriaceae|g__Eubacterium|s__Eubacterium_ramulus,k__Bacteria|p__Firmicutes|c__Clostridia|o__Clostridiales|f__Ruminococcaceae|g__Ruminococcaceae_unclassified|s__Clostridium_leptum,k__Bacteria|p__Actinobacteria|c__Actinobacteria|o__Bifidobacteriales|f__Bifidobacteriaceae|g__Bifidobacterium|s__Bifidobacterium_bifidum,k__Bacteria|p__Firmicutes|c__Bacilli|o__Lactobacillales|f__Streptococcaceae|g__Streptococcus|s__Streptococcus_parasanguinis,k__Bacteria|p__Firmicutes|c__Clostridia|o__Clostridiales|f__Ruminococcaceae|g__Flavonifractor|s__Flavonifractor_plautii,k__Bacteria|p__Actinobacteria|c__Coriobacteriia|o__Eggerthellales|f__Eggerthellaceae|g__Adlercreutzia|s__Adlercreutzia_equolifaciens,k__Bacteria|p__Firmicutes|c__Clostridia|o__Clostridiales|f__Lachnospiraceae|g__Lachnoclostridium|s__Clostridium_asparagiforme,k__Bacteria|p__Firmicutes|c__Clostridia|o__Clostridiales|f__Lachnospiraceae|g__Eisenbergiella|s__Eisenbergiella_massiliensis,k__Bacteria|p__Firmicutes|c__Clostridia|o__Clostridiales|f__Lachnospiraceae|g__Blautia|s__Blautia_wexlerae,k__Bacteria|p__Firmicutes|c__Negativicutes|o__Veillonellales|f__Veillonellaceae|g__Veillonella|s__Veillonella_sp_T11011_6,k__Bacteria|p__Firmicutes|c__Clostridia|o__Clostridiales|f__Lachnospiraceae|g__Lachnoclostridium|s__Clostridium_bolteae,k__Bacteria|p__Firmicutes|c__Clostridia|o__Clostridiales|f__Clostridiaceae|g__Clostridium|s__Clostridium_sp_CAG_167,k__Bacteria|p__Firmicutes|c__Negativicutes|o__Veillonellales|f__Veillonellaceae|g__Veillonella|s__Veillonella_atypica,k__Bacteria|p__Firmicutes|c__Bacilli|o__Lactobacillales|f__Streptococcaceae|g__Lactococcus|s__Lactococcus_lactis,k__Bacteria|p__Firmicutes|c__Clostridia|o__Clostridiales|f__Ruminococcaceae|g__Anaerotruncus|s__Anaerotruncus_colihominis,k__Bacteria|p__Firmicutes|c__Clostridia|o__Clostridiales|f__Oscillospiraceae|g__Oscillibacter|s__Oscillibacter_sp_CAG_241,k__Bacteria|p__Actinobacteria|c__Coriobacteriia|o__Coriobacteriales|f__Coriobacteriaceae|g__Collinsella|s__Collinsella_intestinalis,k__Bacteria|p__Firmicutes|c__Clostridia|o__Clostridiales|f__Lachnospiraceae|g__Eisenbergiella|s__Eisenbergiella_tayi,k__Bacteria|p__Firmicutes|c__Clostridia|o__Clostridiales|f__Lachnospiraceae|g__Roseburia|s__Roseburia_sp_CAG_471,k__Bacteria|p__Firmicutes|c__Clostridia|o__Clostridiales|f__Lachnospiraceae|g__Lachnospiraceae_unclassified|s__Eubacterium_rectale,k__Bacteria|p__Firmicutes|c__Clostridia|o__Clostridiales|f__Lachnospiraceae|g__Lachnoclostridium|s__Clostridium_symbiosum,k__Bacteria|p__Firmicutes|c__Erysipelotrichia|o__Erysipelotrichales|f__Erysipelotrichaceae|g__Dielma|s__Dielma_fastidiosa,k__Bacteria|p__Actinobacteria|c__Coriobacteriia|o__Eggerthellales|f__Eggerthellaceae|g__Enterorhabdus|s__Enterorhabdus_caecimuris,k__Bacteria|p__Firmicutes|c__Clostridia|o__Clostridiales|f__Peptostreptococcaceae|g__Intestinibacter|s__Intestinibacter_bartlettii,k__Bacteria|p__Firmicutes|c__Clostridia|o__Clostridiales|f__Lachnospiraceae|g__Lachnoclostridium|s__Clostridium_lavalense,k__Bacteria|p__Firmicutes|c__Negativicutes|o__Acidaminococcales|f__Acidaminococcaceae|g__Phascolarctobacterium|s__Phascolarctobacterium_succinatutens,k__Bacteria|p__Firmicutes|c__Clostridia|o__Clostridiales|f__Ruminococcaceae|g__Ruminococcus|s__Ruminococcus_bromii,k__Bacteria|p__Firmicutes|c__Clostridia|o__Clostridiales|f__Lachnospiraceae|g__Roseburia|s__Roseburia_sp_CAG_309,k__Bacteria|p__Bacteroidetes|c__Bacteroidia|o__Bacteroidales|f__Bacteroidaceae|g__Bacteroides|s__Bacteroides_intestinalis,k__Bacteria|p__Actinobacteria|c__Actinobacteria|o__Bifidobacteriales|f__Bifidobacteriaceae|g__Bifidobacterium|s__Bifidobacterium_adolescentis,k__Bacteria|p__Firmicutes|c__Clostridia|o__Clostridiales|f__Eubacteriaceae|g__Eubacterium|s__Eubacterium_ventriosum,k__Bacteria|p__Proteobacteria|c__Deltaproteobacteria|o__Desulfovibrionales|f__Desulfovibrionaceae|g__Desulfovibrio|s__Desulfovibrio_piger,k__Bacteria|p__Bacteroidetes|c__Bacteroidia|o__Bacteroidales|f__Odoribacteraceae|g__Butyricimonas|s__Butyricimonas_synergistica,k__Bacteria|p__Bacteroidetes|c__Bacteroidia|o__Bacteroidales|f__Bacteroidaceae|g__Bacteroides|s__Bacteroides_finegoldii,k__Bacteria|p__Bacteroidetes|c__Bacteroidia|o__Bacteroidales|f__Bacteroidaceae|g__Bacteroides|s__Bacteroides_salyersiae,k__Bacteria|p__Firmicutes|c__Clostridia|o__Clostridiales|f__Lachnospiraceae|g__Lachnospira|s__Lachnospira_pectinoschiza,k__Bacteria|p__Firmicutes|c__Firmicutes_unclassified|o__Firmicutes_unclassified|f__Firmicutes_unclassified|g__Firmicutes_unclassified|s__Firmicutes_bacterium_CAG_170,k__Bacteria|p__Bacteroidetes|c__Bacteroidia|o__Bacteroidales|f__Bacteroidaceae|g__Bacteroides|s__Bacteroides_xylanisolvens,k__Archaea|p__Euryarchaeota|c__Methanobacteria|o__Methanobacteriales|f__Methanobacteriaceae|g__Methanobrevibacter|s__Methanobrevibacter_smithii,k__Bacteria|p__Firmicutes|c__Clostridia|o__Clostridiales|f__Lachnospiraceae|g__Roseburia|s__Roseburia_intestinalis,k__Bacteria|p__Firmicutes|c__Clostridia|o__Clostridiales|f__Lachnospiraceae|g__Coprococcus|s__Coprococcus_eutactus,k__Bacteria|p__Bacteroidetes|c__Bacteroidia|o__Bacteroidales|f__Barnesiellaceae|g__Coprobacter|s__Coprobacter_secundus,k__Bacteria|p__Bacteroidetes|c__Bacteroidia|o__Bacteroidales|f__Bacteroidaceae|g__Bacteroides|s__Bacteroides_dorei,k__Bacteria|p__Actinobacteria|c__Coriobacteriia|o__Coriobacteriales|f__Atopobiaceae|g__Olsenella|s__Olsenella_scatoligenes,k__Bacteria|p__Firmicutes|c__Negativicutes|o__Veillonellales|f__Veillonellaceae|g__Dialister|s__Dialister_sp_CAG_357,k__Bacteria|p__Firmicutes|c__Clostridia|o__Clostridiales|f__Ruminococcaceae|g__Anaeromassilibacillus|s__Anaeromassilibacillus_sp_An250,k__Bacteria|p__Firmicutes|c__Clostridia|o__Clostridiales|f__Eubacteriaceae|g__Eubacterium|s__Eubacterium_sp_CAG_274,k__Bacteria|p__Firmicutes|c__Erysipelotrichia|o__Erysipelotrichales|f__Erysipelotrichaceae|g__Turicibacter|s__Turicibacter_sanguinis,k__Bacteria|p__Firmicutes|c__Firmicutes_unclassified|o__Firmicutes_unclassified|f__Firmicutes_unclassified|g__Firmicutes_unclassified|s__Firmicutes_bacterium_CAG_94,k__Bacteria|p__Firmicutes|c__Bacilli|o__Lactobacillales|f__Lactobacillaceae|g__Lactobacillus|s__Lactobacillus_rogosae,k__Bacteria|p__Firmicutes|c__Bacilli|o__Lactobacillales|f__Streptococcaceae|g__Streptococcus|s__Streptococcus_mitis,k__Bacteria|p__Actinobacteria|c__Actinobacteria|o__Actinomycetales|f__Actinomycetaceae|g__Actinomyces|s__Actinomyces_odontolyticus,k__Bacteria|p__Actinobacteria|c__Actinobacteria|o__Micrococcales|f__Micrococcaceae|g__Rothia|s__Rothia_mucilaginosa,k__Bacteria|p__Actinobacteria|c__Coriobacteriia|o__Coriobacteriales|f__Coriobacteriaceae|g__Enorma|s__Enorma_massiliensis,k__Bacteria|p__Bacteroidetes|c__Bacteroidia|o__Bacteroidales|f__Bacteroidaceae|g__Bacteroides|s__Bacteroides_nordii,k__Bacteria|p__Bacteroidetes|c__Bacteroidia|o__Bacteroidales|f__Bacteroidaceae|g__Bacteroides|s__Bacteroides_galacturonicus,k__Bacteria|p__Firmicutes|c__Erysipelotrichia|o__Erysipelotrichales|f__Erysipelotrichaceae|g__Erysipelatoclostridium|s__Clostridium_spiroforme,k__Bacteria|p__Actinobacteria|c__Actinobacteria|o__Actinomycetales|f__Actinomycetaceae|g__Actinomyces|s__Actinomyces_sp_ICM47,k__Bacteria|p__Firmicutes|c__Clostridia|o__Clostridiales|f__Clostridiaceae|g__Clostridium|s__Clostridium_sp_CAG_253,k__Bacteria|p__Bacteroidetes|c__Bacteroidia|o__Bacteroidales|f__Bacteroidaceae|g__Bacteroides|s__Bacteroides_cellulosilyticus,k__Bacteria|p__Proteobacteria|c__Gammaproteobacteria|o__Pasteurellales|f__Pasteurellaceae|g__Haemophilus|s__Haemophilus_sp_HMSC71H05,k__Bacteria|p__Firmicutes|c__Erysipelotrichia|o__Erysipelotrichales|f__Erysipelotrichaceae|g__Holdemania|s__Holdemania_filiformis,k__Bacteria|p__Firmicutes|c__Bacilli|o__Bacillales|f__Bacillales_unclassified|g__Gemella|s__Gemella_sanguinis,k__Bacteria|p__Bacteroidetes|c__Bacteroidia|o__Bacteroidales|f__Tannerellaceae|g__Parabacteroides|s__Parabacteroides_johnsonii,k__Bacteria|p__Firmicutes|c__Clostridia|o__Clostridiales|f__Lachnospiraceae|g__Blautia|s__Ruminococcus_gnavus,k__Bacteria|p__Actinobacteria|c__Actinobacteria|o__Bifidobacteriales|f__Bifidobacteriaceae|g__Bifidobacterium|s__Bifidobacterium_pseudocatenulatum,k__Bacteria|p__Firmicutes|c__Bacilli|o__Lactobacillales|f__Streptococcaceae|g__Streptococcus|s__Streptococcus_infantis,k__Bacteria|p__Firmicutes|c__Clostridia|o__Clostridiales|f__Lachnospiraceae|g__Lachnoclostridium|s__Clostridium_citroniae,k__Bacteria|p__Firmicutes|c__Clostridia|o__Clostridiales|f__Lachnospiraceae|g__Lachnoclostridium|s__Clostridium_clostridioforme,k__Bacteria|p__Firmicutes|c__Bacilli|o__Lactobacillales|f__Streptococcaceae|g__Streptococcus|s__Streptococcus_vestibularis,k__Bacteria|p__Firmicutes|c__Erysipelotrichia|o__Erysipelotrichales|f__Erysipelotrichaceae|g__Erysipelatoclostridium|s__Clostridium_innocuum,k__Bacteria|p__Bacteroidetes|c__Bacteroidia|o__Bacteroidales|f__Prevotellaceae|g__Paraprevotella|s__Paraprevotella_xylaniphila,k__Bacteria|p__Bacteroidetes|c__Bacteroidia|o__Bacteroidales|f__Bacteroidaceae|g__Bacteroides|s__Bacteroides_clarus,k__Bacteria|p__Bacteroidetes|c__Bacteroidia|o__Bacteroidales|f__Bacteroidaceae|g__Bacteroides|s__Bacteroides_coprocola,k__Bacteria|p__Firmicutes|c__Clostridia|o__Clostridiales|f__Lachnospiraceae|g__Lachnoclostridium|s__Clostridium_saccharolyticum,k__Bacteria|p__Firmicutes|c__Clostridia|o__Clostridiales|f__Clostridiaceae|g__Hungatella|s__Hungatella_hathewayi,k__Bacteria|p__Firmicutes|c__Bacilli|o__Lactobacillales|f__Streptococcaceae|g__Streptococcus|s__Streptococcus_australis,k__Bacteria|p__Firmicutes|c__Bacilli|o__Lactobacillales|f__Streptococcaceae|g__Streptococcus|s__Streptococcus_sp_A12,k__Bacteria|p__Firmicutes|c__Bacilli|o__Lactobacillales|f__Streptococcaceae|g__Streptococcus|s__Streptococcus_oralis,k__Bacteria|p__Firmicutes|c__Bacilli|o__Lactobacillales|f__Streptococcaceae|g__Streptococcus|s__Streptococcus_sanguinis,k__Bacteria|p__Firmicutes|c__Erysipelotrichia|o__Erysipelotrichales|f__Erysipelotrichaceae|g__Erysipelatoclostridium|s__Erysipelatoclostridium_ramosum,k__Bacteria|p__Bacteroidetes|c__Bacteroidia|o__Bacteroidales|f__Bacteroidaceae|g__Bacteroides|s__Bacteroides_plebeius,k__Bacteria|p__Bacteroidetes|c__Bacteroidia|o__Bacteroidales|f__Rikenellaceae|g__Alistipes|s__Alistipes_onderdonkii,k__Bacteria|p__Firmicutes|c__Clostridia|o__Clostridiales|f__Clostridiales_unclassified|g__Monoglobus|s__Monoglobus_pectinilyticus,k__Bacteria|p__Bacteroidetes|c__Bacteroidia|o__Bacteroidales|f__Bacteroidaceae|g__Bacteroides|s__Bacteroides_eggerthii,k__Bacteria|p__Bacteroidetes|c__Bacteroidia|o__Bacteroidales|f__Bacteroidaceae|g__Bacteroides|s__Bacteroides_massiliensis,k__Bacteria|p__Firmicutes|c__Clostridia|o__Clostridiales|f__Eubacteriaceae|g__Eubacterium|s__Eubacterium_sp_CAG_251,k__Bacteria|p__Actinobacteria|c__Coriobacteriia|o__Eggerthellales|f__Eggerthellaceae|g__Eggerthella|s__Eggerthella_lenta,k__Bacteria|p__Firmicutes|c__Bacilli|o__Lactobacillales|f__Streptococcaceae|g__Streptococcus|s__Streptococcus_gordonii,k__Bacteria|p__Bacteroidetes|c__Bacteroidia|o__Bacteroidales|f__Prevotellaceae|g__Paraprevotella|s__Paraprevotella_clara,k__Bacteria|p__Firmicutes|c__Clostridia|o__Clostridiales|f__Clostridiaceae|g__Clostridium|s__Clostridium_disporicum,k__Bacteria|p__Firmicutes|c__Clostridia|o__Clostridiales|f__Peptostreptococcaceae|g__Romboutsia|s__Romboutsia_ilealis,k__Bacteria|p__Firmicutes|c__Clostridia|o__Clostridiales|f__Eubacteriaceae|g__Eubacterium|s__Eubacterium_sp_CAG_180,k__Bacteria|p__Firmicutes|c__Clostridia|o__Clostridiales|f__Lachnospiraceae|g__Lachnoclostridium|s__Clostridium_aldenense,k__Bacteria|p__Actinobacteria|c__Actinobacteria|o__Bifidobacteriales|f__Bifidobacteriaceae|g__Bifidobacterium|s__Bifidobacterium_catenulatum,k__Bacteria|p__Actinobacteria|c__Actinobacteria|o__Bifidobacteriales|f__Bifidobacteriaceae|g__Bifidobacterium|s__Bifidobacterium_animalis,k__Bacteria|p__Bacteroidetes|c__Bacteroidia|o__Bacteroidales|f__Tannerellaceae|g__Parabacteroides|s__Parabacteroides_goldsteinii,k__Bacteria|p__Bacteroidetes|c__Bacteroidia|o__Bacteroidales|f__Bacteroidaceae|g__Bacteroides|s__Bacteroides_faecis,k__Bacteria|p__Firmicutes|c__Negativicutes|o__Selenomonadales|f__Selenomonadaceae|g__Megamonas|s__Megamonas_hypermegale,k__Bacteria|p__Firmicutes|c__Bacilli|o__Lactobacillales|f__Streptococcaceae|g__Streptococcus|s__Streptococcus_anginosus_group,k__Bacteria|p__Firmicutes|c__Negativicutes|o__Selenomonadales|f__Selenomonadaceae|g__Megamonas|s__Megamonas_funiformis,k__Bacteria|p__Proteobacteria|c__Gammaproteobacteria|o__Enterobacterales|f__Enterobacteriaceae|g__Klebsiella|s__Klebsiella_pneumoniae,k__Bacteria|p__Firmicutes|c__Clostridia|o__Clostridiales|f__Lachnospiraceae|g__Blautia|s__Blautia_hydrogenotrophica,k__Bacteria|p__Actinobacteria|c__Actinobacteria|o__Bifidobacteriales|f__Bifidobacteriaceae|g__Aeriscardovia|s__Aeriscardovia_aeriphila,k__Bacteria|p__Proteobacteria|c__Gammaproteobacteria|o__Enterobacterales|f__Enterobacteriaceae|g__Klebsiella|s__Klebsiella_quasipneumoniae,k__Bacteria|p__Proteobacteria|c__Gammaproteobacteria|o__Enterobacterales|f__Enterobacteriaceae|g__Klebsiella|s__Klebsiella_variicola,k__Bacteria|p__Actinobacteria|c__Actinobacteria|o__Actinomycetales|f__Actinomycetaceae|g__Actinomyces|s__Actinomyces_oris,k__Bacteria|p__Actinobacteria|c__Actinobacteria|o__Bifidobacteriales|f__Bifidobacteriaceae|g__Bifidobacterium|s__Bifidobacterium_dentium,k__Bacteria|p__Firmicutes|c__Clostridia|o__Clostridiales|f__Lachnospiraceae|g__Anaerotignum|s__Anaerotignum_lactatifermentans,k__Bacteria|p__Firmicutes|c__Clostridia|o__Clostridiales|f__Lachnospiraceae|g__Sellimonas|s__Sellimonas_intestinalis,k__Bacteria|p__Firmicutes|c__Negativicutes|o__Veillonellales|f__Veillonellaceae|g__Allisonella|s__Allisonella_histaminiformans,k__Bacteria|p__Firmicutes|c__Clostridia|o__Clostridiales|f__Lachnospiraceae|g__Tyzzerella|s__Tyzzerella_nexilis,k__Bacteria|p__Firmicutes|c__Erysipelotrichia|o__Erysipelotrichales|f__Erysipelotrichaceae|g__Coprobacillus|s__Coprobacillus_cateniformis,k__Bacteria|p__Actinobacteria|c__Actinobacteria|o__Actinomycetales|f__Actinomycetaceae|g__Actinomyces|s__Actinomyces_sp_HMSC035G02,k__Bacteria|p__Firmicutes|c__Clostridia|o__Clostridiales|f__Ruminococcaceae|g__Ruminococcaceae_unclassified|s__Ruminococcaceae_bacterium_D16,k__Bacteria|p__Firmicutes|c__Clostridia|o__Clostridiales|f__Lachnospiraceae|g__Blautia|s__Blautia_sp_CAG_257,k__Bacteria|p__Firmicutes|c__Clostridia|o__Clostridiales|f__Lachnospiraceae|g__Dorea|s__Dorea_sp_CAG_317,k__Bacteria|p__Firmicutes|c__Erysipelotrichia|o__Erysipelotrichales|f__Erysipelotrichaceae|g__Catenibacterium|s__Catenibacterium_mitsuokai,k__Bacteria|p__Firmicutes|c__Clostridia|o__Clostridiales|f__Clostridiaceae|g__Clostridium|s__Clostridium_sp_CAG_299,k__Bacteria|p__Bacteroidetes|c__Bacteroidia|o__Bacteroidales|f__Prevotellaceae|g__Prevotella|s__Prevotella_sp_CAG_279,k__Bacteria|p__Firmicutes|c__Negativicutes|o__Acidaminococcales|f__Acidaminococcaceae|g__Acidaminococcus|s__Acidaminococcus_intestini,k__Bacteria|p__Bacteroidetes|c__Bacteroidia|o__Bacteroidales|f__Prevotellaceae|g__Prevotella|s__Prevotella_stercorea,k__Bacteria|p__Actinobacteria|c__Coriobacteriia|o__Coriobacteriales|f__Coriobacteriaceae|g__Enorma|s__Collinsella_massiliensis,k__Bacteria|p__Firmicutes|c__Clostridia|o__Clostridiales|f__Clostridiales_Family_XIII_Incertae_Sedis|g__Mogibacterium|s__Mogibacterium_diversum
A01_02_1FE,0.067620506306104,0.0,0.0,0.0629063592811119,0.0019970167627821,0.0,0.0031768154370174,0.0051779965291575,0.0,0.0,0.0004405355693509,0.0,0.0010406091202408,0.0022005956820762,0.0,0.0968366208347521,0.0,0.0003262057997055,0.0001435747189999,0.0,0.0,0.0,0.0,0.0040101545278515,0.0,0.0,5.233804852144087e-05,0.0002608384479657,8.540029978754696e-05,0.0021538416206483,0.0,0.0,0.0005091839078577,0.0815820514376071,0.2098896134085859,0.0,0.0522950802139746,0.0,0.0040269064891323,0.0,0.0,0.0620403996103071,0.000334976129717,0.0007126681833027,0.0,0.0,0.0003222623059954,0.0,0.0,0.0013776674146369,0.0,0.0,0.0,0.0018926561452361,0.0,0.0,9.262478026458734e-05,0.0,0.0003915731514454,1.8613290312025385e-05,0.0011870231547123,0.0003518227348468,0.0010822208658706,0.0,0.0003017876866522,0.0,0.0,0.0,3.8204567064174136e-05,0.0,0.0,0.0,0.0,0.0,0.0,0.0341303386505195,0.0,0.0002578729406956,0.0,0.0,0.0,0.0,0.0,0.0,0.0,0.0,0.0002874333695471,9.177298562318957e-05,0.0,0.0,0.0,0.0,0.0,0.000973159603822,0.0003636532159773,0.0,0.0,0.0304002037240397,0.0,0.0,8.814497140982868e-05,0.000369237203071,0.0,0.0,0.0,0.0,0.0,0.0,2.9244949354656834e-05,0.0,0.0,0.0,0.0,0.0035484818322139,0.0,0.000101395110276,0.0,0.0,0.0010335108315626,0.0,0.0,0.0,0.0,0.0,0.0,0.0,0.0,0.0,2.530145564448196e-05,7.972166884489516e-05,0.0,0.0002085003994443,0.0,0.0,0.0,0.000289420890377,0.0,0.0,0.0,0.0,0.0,0.0,0.0001714946544679,2.41026335565888e-05,0.0,0.0,0.0,0.0,0.0,0.0,0.0,0.0,0.0,0.0,0.0,0.0,0.0,0.0,0.0002422251576537,0.0,0.0,0.0,0.0,0.0,0.0,0.0005558433254364,0.0,0.0,0.0,0.0,0.0016515351658211,0.0,0.0,0.0,0.0,0.0,0.0,0.0,0.0,9.164679382446396e-05,0.0,0.0,0.0,0.0,3.176878532916876e-05,0.0,0.0,0.0,0.0,0.0,0.0,0.0,0.0,0.0,0.0,0.0,0.0,0.0309195776196446,0.0,0.2263771082272297,0.0,0.0007805593710171
A02_01_1FE,0.1431123442460494,0.0,0.0,0.0078621404592626,0.0,0.0,0.0,0.0,0.0,0.0,0.0,0.0,0.0,0.0,0.0,0.0016793968879962,0.0005051181934001,0.0,0.0,0.0029639178851914,0.0,0.0,0.0,0.0,0.0,0.0,0.0,0.0,0.0,0.0,0.0,0.0,0.0,0.0271184320872918,0.3894241814068663,0.0,0.0120031995222734,0.0,0.0,0.0,0.0,0.0,0.0,0.0,0.0,0.0,0.0008567632478291,0.0,0.0011438923342258,0.0,0.0,0.0,0.0,0.0025812992943464,0.0236154131950493,0.0,0.0935424286804966,0.0,0.0,0.0,0.0,0.0,0.0073311865198471,0.0858661294397299,0.0,0.0,0.0,0.0,0.0,0.0,0.0005349907747302,0.0093810180957381,0.0,0.0,0.0,0.0042492462494496,0.0274808665015625,0.0,0.0006358382605965,0.0,0.0,0.0019032577554578,0.0,0.0,0.0,0.0,0.0,0.0362371292845684,0.0,0.0,0.0038727196100798,0.0,0.0,0.0,0.0,0.0,0.0,0.0021331371773889,0.0,0.0,0.0,0.0087778415026891,0.0,0.029872287742098,0.0074563284146085,0.0,0.0,0.0,0.0,0.0015130792730232,0.0,0.0,0.0,0.000907553975791,0.0,0.0,0.0,0.0,0.0,0.0,0.0,0.0,0.0,0.0,0.0,0.0243460069900372,0.0,0.0,0.0,0.0005785151991252,0.0,0.0,0.0,0.0,0.0,0.0,0.0,0.0,0.0032720385152255,0.0,0.0,0.0,0.0,0.0,0.0,0.0,0.0,0.0003723430100434,0.0,0.0,0.0,0.0,0.0,0.0,0.0,0.0,4.8809008807200486e-05,0.0,0.0,0.0,0.0,0.0,0.0,0.0,0.0,0.0,0.0,0.0,0.0025564911064113,0.0020809519063183,0.0,0.0,0.0,0.0,0.0,0.0,0.0,0.0177750666554906,0.0,0.0,0.0,0.0,0.0,0.0,0.0,0.0022219475543163,0.0,0.0,0.0,0.0,0.0,0.0,0.0,0.0,0.0,0.0,0.0,0.0,0.0,0.01136970996586,0.0,0.0008169820707262
A10_01_1FE,0.5282829698511198,0.0,0.0,0.0427233360566239,0.0,0.0,0.0,0.0,0.0,0.0,0.0,0.0,0.0,0.0,0.0,0.0239087932176932,0.0002140670637116,0.0,0.0,0.0,0.0,0.0,0.0,0.0006543453514941,0.0,0.0,0.0007526081008685,0.0,0.0004898144678149,0.0016336744313128,0.0,0.0,0.0035187179892676,0.0097809967099219,0.0296773593449853,0.0,0.0030609281221031,0.0,0.0,0.0,0.0,0.0,0.0002295096379954,0.0,0.0,0.0,0.0016292065797239,0.0011687779814197,0.0,0.0460790824124313,0.0,0.0,0.0005088852974158,0.0060476719164821,0.0016292065797239,0.0,0.0379772482604013,0.0015223079829832,0.0017815033463008,0.0,0.0,0.0,0.0069465496821197,0.1564258710556448,0.0010081452232877,0.0,0.0,0.0,6.359941758406083e-05,0.0,0.0,0.001805161969815,0.0,0.0,0.0,0.028240660196138,0.0004984503151813,0.0,0.0001016211344612,0.0,0.0,0.0,0.0,0.0,0.0,0.0,0.0039691314034732,7.502392399590769e-05,0.0,0.0,0.0001331959513948,0.0024942905954242,0.0,0.0,0.0,0.0,0.0,0.009040232913601,0.0,0.0,0.0,0.0054811543321278,0.0,0.0,0.0014493830496666,0.0,0.0,0.0,0.0,0.0,0.0,0.0,0.0,0.0002847730640244,0.0,0.0,0.0,0.0,0.0,0.0,0.0,8.156078068300117e-05,0.0,0.0,0.0,0.0009488637293869,0.0,0.0,0.0,0.000781694114568,0.0,0.0,0.0,0.0,0.0,0.0,0.0,0.0,0.0,0.0,0.0,0.0,0.0,0.0,0.0,0.0,0.0,0.0,0.0,0.0,0.0,0.0,0.0,0.0,0.0,0.0,0.0031757429122631,0.0,0.0,0.0,0.0,0.0,0.0,0.0,0.0,0.0,0.0,0.0,0.0,0.0,0.0,0.0,0.0,0.0,0.0,0.0,0.0,0.0,0.0,0.0,0.0,0.0,0.0,0.000689128625609,0.0,0.0,0.0,0.0,0.0,0.0,0.0,0.0,0.0,0.0,0.0,0.0,0.0,0.0002144868618475,0.0,0.0328202680459073,0.0,0.0
A10_02_1FE,0.0407073657266554,0.0,0.0,0.0701488473192996,0.0,0.0033671273047831,0.0004234038707569,0.0,0.0,0.0,0.0,0.0,0.0,0.0,0.0,0.079832488366068,0.0113208152648138,0.0,0.0,0.0374957822424264,0.0,0.0,0.0,0.0041845818131708,0.0,0.0,0.0004342579601768,0.0476700281309685,0.0371598717707313,0.0024432083366956,0.0,0.0,0.0687932187424642,0.0429912549073462,0.0170220437117775,0.0,0.0052256305636055,0.0,0.0,0.0,0.0002222728746394,0.0,0.0013727119697482,0.017053945296333,0.0,0.0,0.0038036504662303,0.0072681814256326,0.0,0.0092615585434189,0.0,0.0,0.0,0.0387039839699257,0.0,0.0,0.0,0.0,0.0081271646239741,0.0,0.0038387610859186,0.0,0.0151278635329495,0.0006425620936499,0.0030869030309807,0.0,0.0,0.0,0.0004487930016605,0.0,0.0,0.0,0.0,0.0,0.0,0.1420217015720033,0.0053241668188598,0.0,0.000782249505313,0.0,0.0,0.0004001855577373,0.0,0.0,0.0,0.0,0.0176488437799224,0.0,0.0,0.0,0.0,0.0,0.0,0.0004352017940392,0.0,0.0,0.0039147397118569,0.0608586906098442,0.0,0.0,0.0,0.0,0.0,0.0,0.0015320311257529,0.0,0.0,0.0,0.0,0.0157574951026819,0.0,0.0,0.0,0.0066546894149504,0.0,0.0,0.0388978474453012,0.0001898049897664,0.0,0.0,0.0,0.0006442609946025,0.0,0.0,0.0,0.0,0.0,0.0,0.0,0.0,0.0,0.0,0.0,0.0,0.0,0.0,0.0,0.0,0.0,0.0,0.0,0.0,0.0,0.0,0.0,0.0,0.0,0.0,0.0,0.0,0.0,0.0,0.0,0.0,0.0,0.0,0.0,0.0,0.0,0.0,0.0,0.0,0.0,0.0,0.0458164328082315,0.0,0.0,0.0,0.0,0.0,0.0,0.0,0.0,0.0,0.0,0.0,0.0,0.0,0.0,0.0,0.0,0.0,0.0,0.0,0.0,0.0,0.0,0.0,0.0,0.0,0.0,0.0,0.0,0.0,0.0,0.0053218072342034,0.0,0.0108354958926709,0.0,0.0647860776954599,0.0,0.0
A11_01_1FE,0.0239318384290089,0.0,0.0,0.0027879292695332,0.0,0.0,0.0,0.0,0.0,0.0,0.0,0.0,0.0,0.0,5.371432332558464e-05,0.0,1.1046944317049651e-05,0.0,0.0,6.399144573900715e-05,0.0,0.0,0.0,0.0,0.0,0.0,0.0,0.0,0.0014751134861826,0.0,0.0,0.0,0.0130915143108928,0.3528191166794052,0.0278393004474398,0.0,0.0097432894143521,0.0,0.0,0.0,0.0,0.0024628142340839,0.0,0.0,0.0,0.0,0.0005062733749203,0.0001589682230989,0.0,0.0,0.0,0.0,0.0001537141886066,0.1848185346940454,0.0005435904916987,0.00454722251144,0.0084020479572102,0.0,0.0001292723431665,0.0,0.0,0.0,0.1640152909724722,0.0068053795924446,0.0,0.0,0.0,0.0,0.0050017253633414,0.0,0.0,0.0001192069217765,0.0,0.0,0.0,0.0,0.011507932918489,4.98459682598582e-05,0.0003437832166122,0.0,0.0,0.0075270298904523,0.0,0.0,0.0,0.0,0.0027337915441606,0.0001545802382482,0.0,0.0,5.04810713303506e-05,1.6397206547258378e-05,0.0,0.0,0.0006206689097992,0.0,0.0028984564493464,0.0004221318408539,0.0,0.0,3.354498945055322e-05,7.294062536867281e-06,0.0,0.0,0.0,0.0,0.0,0.0,0.0,0.0,0.0,0.0,0.0,0.0,0.0,0.0,0.0,0.0,0.0,0.0,0.0,3.750957225423306e-05,0.0,0.0,0.0,4.405305843506388e-05,0.0,0.0,0.0005888175285367,0.006135730764027,2.5789033771509644e-06,0.000444649131535,0.0,0.0,0.0,0.0005354303795202,0.0,0.0,0.002858137027144,0.0,0.0027123520041446,0.0,0.0,0.0690572972669206,0.0011203025708009,0.0,0.0,0.001377018930113,0.0,0.0,0.0,0.0,0.0,0.0,0.0124114728867762,6.516542414203855e-05,0.0019251128799479,0.0030955693477702,0.0,0.0,0.0,0.0,0.0,0.0,0.0,0.0,0.0413631467394097,0.0,0.0,0.0002238257184795,0.0,0.0,0.0,0.0,0.0,0.0,0.000171612547866,0.0082049158132387,0.0045032656807428,0.0,0.0,0.0,0.0,0.0,0.0006336211633278,0.0003709964209054,0.0,0.0,0.0,0.0,0.0,0.0012248058942183,0.0,0.0,0.0,0.0,0.0,6.13163146239028e-05,0.0,1.9245547590678847e-06,0.0,0.0049825375523935
A13_01_1FE,0.1528163028960627,0.0,0.0,0.0154413654657705,0.0002647132151143,0.0,0.0,6.601416367903534e-05,0.0,0.0,0.0,0.0,0.0,0.0,0.0,0.0259554639961079,0.0,0.0,0.0005019503723502,0.0044653866431461,0.0014382452918003,0.0,0.0,0.0,0.0003640527929472,0.0,0.0006117750207855,0.0,0.0007192320726332,0.0,0.0,0.0,0.0047309354805855,0.2837319195452493,0.0302246186632545,0.0,0.0306576699853274,0.002755902323788,0.0,0.0,0.0,0.0764065597864598,0.0,0.0,0.0,0.0,0.0042721390325932,0.0018201445901183,0.0004068883849909,0.0004990654857519,0.0,0.0,0.0001636427053224,0.004192774807483,0.0001271140722559,0.0,0.0091781771818162,0.0,0.0021869628950461,0.0,0.0,0.0,0.0100641556998365,0.0196654562146733,0.0194800077458209,0.0,0.0,0.0,0.0016781683779382,0.0,0.0,0.0003549803219895,0.0,0.0,0.0,0.0001493376469483,0.0051450858214966,8.833721721968566e-05,0.0,0.0,0.0,0.0006934869467137,0.0,0.0,0.0,0.0,0.0028064375786839,0.0001166488974231,0.0,0.0,0.0006722382647338,0.000270264134845,0.0,7.809089585298785e-05,0.0012811283989211,0.0,0.0025671511571747,0.0058700876673265,0.0,0.0,1.591661571525867e-05,0.0440178185717101,0.0,0.0003605312417201,0.0007247829923638,0.0,0.0,0.081790295364837,0.0,0.0,0.0,0.0,0.0,0.0232415417462688,0.0,0.0,0.0069435639184725,0.0001858662800149,0.0016750845336433,0.0,0.0,0.0019864732243428,0.0,0.0,0.0,0.0349809809374452,0.0,0.0,0.0,0.0013937185593368,0.0,0.0009311618108818,0.0,0.0,0.0,0.0009109875004627,0.0,0.0,0.0,0.0,0.0,0.0,0.0,0.0007030966034518,0.0,0.0,0.0,0.0281056794046214,0.0,0.0,0.0,0.0,0.0,0.0,0.0,0.0,0.0,0.0,0.0,0.0,0.0,0.0,0.0,0.0,0.0,0.0,0.0042355109206785,0.0,0.0146779050972185,0.001542399645887,0.0,0.0,0.0,0.0,0.0,0.0,0.0,0.0066077034311109,0.0,0.0045877058349178,0.0,0.0001040349794688,0.0025967361666354,0.0009499633131955,0.0003840281456698,0.0050031295050861,0.0,0.0,0.0,0.0,0.0,5.950824700542337e-05,0.0,0.0,0.0,0.000612192831948,0.0,0.0,0.0,0.0,0.0,0.0056916027178495
A14_01_1FE,0.0526136445367182,0.0,0.0,0.0216497401717216,0.0,0.0,0.0,0.0,0.0,0.0,0.0,0.0,0.0,0.0,0.0,0.0192779591518325,0.0,0.0,0.0,0.0361350004973747,0.0006232402663108,0.0,0.0,0.0,0.0002201143817887,0.0,0.0007105011119249,0.0017357459668989,0.002291067741167,0.0,0.0,0.0,0.0111874491111887,0.0451745272977074,0.4777474832113988,0.0,0.0092383365607965,0.0,0.0,0.0,0.0,0.0,0.0004597513254117,0.0,0.0,0.0,0.0039105793783759,0.00308788861111,0.0,0.0008437751340468,0.0,0.0,0.0005388026834851,0.0110034764977188,0.0,0.0,0.0,0.0,0.006733601889031,0.0,0.0,0.0,0.0023047835923018,0.0,0.0,0.0,0.0,0.0,0.0003577534485052,0.0,0.0,0.0,0.0,0.0,0.0,0.0116376493986569,0.0004635957683575,6.747798295534201e-06,0.0003302216305339,0.0,0.0,0.0005776475757502,0.0,0.0,0.0,0.0,0.0014742037077409,0.0,0.0,0.0,0.0,0.0,0.0,0.0,0.0001085454437984,0.0,0.0016450611642862,0.035565041807516,0.0,0.0,0.0,0.0003354076238827,0.0,0.0,0.0007563140570293,0.0,0.0,0.0,0.0,0.0,0.0,0.0,0.0,0.2343591241526011,0.0,0.0,0.0,0.0,0.0,0.0,0.0,0.0003594153691537,0.0,0.0,0.0,0.0003003070588617,0.0,0.0,0.000330521977639,1.059224124135784e-05,0.0,0.0001531169542016,0.0,9.691199925930424e-05,0.0,0.0,0.0,0.0,0.0,0.0,0.0,0.0,0.0,0.0,0.0,0.0,0.0,0.0,0.0,0.0,0.0,0.0,0.0,0.0,0.0,0.0,0.001343212323618,0.0,0.0,0.0,0.0,0.0,0.0,0.0,0.0,0.0,0.0,0.0,8.830204891188673e-06,0.0002550147154062,0.0,0.0,0.0,0.0,0.0,0.0,0.0,0.0,0.0,0.0,0.0,0.0,0.0,0.0,0.0,0.0001567411426036,0.0,0.0,0.0,0.0,0.0,0.0,0.0,0.0,0.0,0.0018007811267324,0.0,0.0,0.0,7.977219112584052e-05,0.0,0.0
A19_01_1FE,0.0261288105754135,0.0,0.0,0.0126715413906388,0.0005060711306283,0.0,0.0,0.0,0.0,0.0,0.0,0.0,0.0,0.0,0.0,0.0,0.0,0.0,0.0,0.0,0.000209995871027,0.0,0.0003394190019641,0.0,0.0002740486656646,0.0025034305068731,0.0,0.0890226077311589,0.0,0.0,0.0,0.0,0.0013557165869238,0.0531770625320812,0.6529235134633529,0.0,0.0043450159189437,0.0,0.0,0.0,0.0002932712606799,0.0,0.0,0.0,0.0,0.0,0.0114061608653505,0.0,0.0,0.0006021841057043,0.0,0.0,0.0,0.0042855238454432,0.0011952129860148,0.0,0.0002462451582876,0.0,0.0,0.0,0.0,0.0,0.0172140534263818,0.000451578958819,0.0,0.0,0.0,0.0,0.000522354594244,0.0,0.0,0.0004950578336601,0.0,0.0,0.0,0.0006999186705179,0.0002996224871523,0.0001564834096843,0.0,0.0,0.0,0.0,0.0,0.0,0.0,0.0,0.0008850501655676,0.0010480199342026,0.0,0.0,0.0011371735866543,0.0,0.0,0.0020075280952245,0.0,0.0,0.0020342167596569,0.0003174937573861,0.0,0.0,0.0,0.0064045700182516,0.0,0.0,0.0,0.0,0.0,0.0,0.0,0.0029989613042066,0.0,0.0,0.0,0.0008753881933807,0.0,0.0,0.0031550730995761,1.3107850379428407e-05,0.0,0.0,0.0,0.0003024602691932,0.0,0.0,0.0,0.0153184488061754,0.0,0.0,0.0002399952811737,0.0015807797292633,0.0,0.000125504289071,0.0,0.0,0.0,0.0,0.0,0.0,0.000559955206286,0.0,0.0,0.0,0.0,0.0,0.0,0.0,0.0,0.0,0.0,0.0,0.0,0.0,0.0,0.0,0.0,0.0,0.0,0.0,0.0,0.0,0.0,0.0,0.0,0.0,0.0,0.0,0.0,0.0,0.0,0.0034329054746287,0.0,0.0,0.0,0.0,0.0,0.0,0.0,0.0,0.0,0.0284283599558953,0.0,0.0,0.0074915418892777,0.0305463250688786,0.0,0.0,0.0,0.0,0.0,0.0,0.0,0.0002872578654027,0.0,0.0,0.0,0.0002250631423395,0.0,0.0,0.0,0.0065358512207631,0.0,0.0027240680605535
A20_01_1FE,0.1105367654662373,0.0,0.0,0.0072939590426692,0.0,0.0009008774382326,0.0,5.162753110865157e-05,0.0,0.0,0.0,0.0,0.0,0.0,0.0,0.0011796201469928,3.194166242182152e-05,0.0,0.0,0.0182343997150527,0.0006616596642677,0.0,0.0,0.0,0.0,0.0,0.001215315146246,0.0001589423250006,0.0017344246096337,0.0004824952796044,0.0,0.0,0.0059572349397359,0.0053962259815167,0.7014938280588755,0.0,0.0020166908590928,0.0,0.0,0.0,0.0,0.0,4.1133507723065136e-05,0.0,0.0,0.0,0.0003351959586519,0.0025917939801071,0.0,0.0007465310358826,0.0,0.0,0.0002591334387841,0.021593636179103,0.0,0.0,0.0,0.0,0.0044022811096088,0.0,0.0,0.0,0.0010304824569802,0.0,0.0,0.0,0.0,0.0,0.0013143572793669,0.0,0.0,0.0,0.0,0.0,0.0,0.0016912229367179,0.0006356161025809,0.0,0.0,0.0,0.0,0.0,0.0,0.0,0.0,0.0,0.0008662548209312,0.0,0.0,0.0,0.0,0.0,0.0,0.0001057828196751,0.0,0.0,0.0007419351132319,0.0525343066476191,0.0,0.0,0.0,0.0013266130731018,0.0,0.0,0.023725378301883,0.0,0.0,0.0015754056859222,3.515880827725679e-05,0.0,0.0,0.0,0.0,0.006830460243354,0.0,0.0,0.0,0.0005083090451587,0.0,0.0,0.0,7.828388248225803e-05,0.0,0.0,0.0,0.0,0.0,6.763666167498419e-05,0.0,0.0,0.0,0.0,0.0,0.0,0.0,0.0,0.0,0.0,0.0,0.0,0.0,0.0,0.0,0.0,0.0,0.0,0.0,0.0,0.0,0.0,0.0,0.0,0.0,0.0,0.0,0.0,0.0,0.0,0.0,0.0,0.0,0.0,0.0,0.0,0.0004126372553149,0.0,0.0,0.0,0.0002625037820613,0.0,0.0087773696768683,0.0,0.0,0.0,0.0,0.0,0.0,0.0,0.0,0.0,0.0,0.0,0.0,0.0,0.0,0.0001060892145185,0.0,0.0,0.0,0.0,0.0,0.0,0.0,0.0,0.0,0.0093157054166777,0.0,0.0004322465252909,0.0,0.0003105311737602,0.0,0.0
A22_01_1FE,0.0364468463956527,0.0,0.0,0.1674312148689955,9.452793506602e-05,0.0,0.0,0.0004452208219538,0.0,0.0,0.0,0.0,0.0,0.0,0.0,0.066354392131211,0.0,0.0,0.0,0.0183896140451254,0.0,0.0,0.0,0.0002947047387351,0.002792217148882,0.0,0.0039651880267043,0.0,0.0036457487978605,0.0,0.0,0.0,0.0225985997785974,0.0034639790565977,0.0098901529789864,0.0,0.0004465630035876,0.0,0.0,0.0,0.0,0.0002968138813026,0.0,0.0,0.0,0.0,0.0003363123693828,0.0023503517810126,0.0,0.000575795920899,0.0,0.0,0.0027413101169145,0.0036941632067939,0.0097117386918081,0.0,0.0098279332732483,0.0066750527453414,0.0240363639187447,0.0,0.0013865694978294,0.0,0.0,0.0015621076815067,0.0028830061493968,0.0,0.0,0.0,0.000842794195908,0.0,0.0,0.0010569680366154,0.0,0.0,0.0,0.0159881634919117,0.0099965688085233,0.0,0.0018286266059322,0.0,0.0,0.0,0.0,0.0,0.0,0.0,0.0,0.008150014490768,0.0,0.0,0.008870861898234,0.0,0.0,0.0,0.0,0.0,0.00034714569257,0.3496383156042341,0.0,0.0,0.0,0.0012008690817818,0.0,0.0,0.0015626829022069,0.0,0.0,0.0050066251044144,0.0001866591172144,0.0,0.0,0.0,0.0,0.0492100350318993,0.0,0.0,0.0002317180720634,0.0042752319841116,0.0020122178794123,0.0,0.0,0.000107278660587,0.0,0.0,0.0017876900661013,0.0,0.0,0.0033982121565416,0.0,0.0,0.0,0.0,0.0,0.0,0.0,0.0,0.0010991508879634,0.0,0.0004970865550884,0.0,0.0,0.0,0.0,0.0,0.0,0.0,0.0,0.0,0.0,0.0,0.0,0.0,0.0,0.0,0.0,0.0,0.0,0.0,0.0,0.0,0.0,0.0,0.0,0.0,0.0,0.0,0.0,0.0,0.0,0.0,0.0004678461694951,0.0,0.0,0.0,0.0,0.0,0.0,0.0,0.0,0.0564262745860113,0.0,0.0,0.0053188740745058,0.0068144478950229,0.0,0.0002602873668399,0.0,0.0,0.0,0.0,0.0,0.0,0.0,0.0,0.0,0.0108727258050429,0.0,0.0,0.0,0.0502081388168612,0.0,0.0
A23_01_1FE,0.0345624764411124,0.0,0.0,0.0188240547774979,0.0,0.0009738984811923,0.0,0.0,0.0,0.0,0.0,0.0,0.0,0.0,0.0,0.0818063995296448,6.599468752302273e-05,0.0,0.0,0.0034249764619742,0.0,0.0,0.0,0.0112010961603155,0.0,0.0,0.0,0.0398634377271696,0.0015795332544798,0.0,0.0,0.0,0.0049908482439284,0.1694137511661728,0.1027540622615057,0.0,0.0037108898625435,0.0,0.0,0.0,0.0001403579210433,0.0,0.0,0.0,0.0,0.0,0.0553404078938993,8.120589078880614e-05,0.0,0.0003335497393233,0.0,0.0,0.0,0.0,0.0,0.0,0.0,0.0605595195548602,0.0060321480913157,0.0,0.0,0.0,0.0078236129850269,0.0001055247424049,0.0042665040959383,0.0,0.0,0.0,0.0016468154106177,0.0,0.0001795065037429,0.0,0.0,0.0,0.0,0.0018145201187236,0.0,0.0,0.0,0.0,0.0,0.0,0.0,0.0,0.0,0.0,0.001504287866538,0.0,0.0,0.0,0.0,0.0,0.0,0.0025321646615137,0.0005581414866017,0.0,0.0019004228857559,0.0129858614488265,0.0,0.0,0.0,0.0528452221920489,0.0,0.0007705738080721,0.0665431253109893,0.0,0.0,0.0,0.0,0.0027819574148297,0.0,0.0,0.0,0.0056727536116473,0.0,0.0,0.1272718993046959,0.0010434456284121,0.0078870804193427,0.0,0.0,0.0006268064794003,0.0,0.0,0.0,0.0758904335598246,0.0,0.0,0.0,0.0,0.0,0.0001183279025205,0.0,0.0,0.0,0.0,0.0005282436043208,0.0,0.0,0.0,0.0,0.0,0.0,0.0,0.0,0.0,0.0,0.0,0.0,0.0,0.0,0.0,0.0,0.0,0.0,0.0,0.0,0.0,0.0,0.0,0.0,0.0,0.0,0.0,6.713910406966476e-05,0.0,0.0,0.0,0.0196556879767358,0.0042868890156753,0.0027865350810162,0.0,0.0,0.0,0.0,0.0,0.0,0.0,0.0,0.0,0.0,0.0,0.0,0.0,0.0,0.0001787435593785,0.0,0.0,0.0,0.0,0.0,0.0,0.0,0.0,0.0,0.0,0.0,6.916567503767664e-05,0.0,0.0,0.0,0.0
A24_02_1FE,0.0620477405706492,0.0,0.0,0.0591059987225356,0.0,0.0002193903500839,0.0,0.0,0.0,0.0,0.0,0.0,0.0,0.0,0.0,0.0023756597664081,0.0009695849183009,0.0,0.0,0.0579388184978791,0.0010146149185568,0.0,0.0,3.1219927503008764e-05,0.0023606715831834,0.0,0.0,0.0001166329367093,0.0066307329882647,0.0,0.0,0.0,0.0053113147104174,0.0278141410301645,0.2934570427869448,0.0,0.0054975870661272,0.0,0.0,0.0,3.403430251900327e-05,0.0,0.0,0.000112771352385,0.0,0.0,0.0044591481358069,0.0065000281764753,0.0,0.0073513438935228,0.0,0.0,0.0007231634779469,0.0077617190412039,0.011491485893796,0.0,0.0739296391846875,0.0004430349879829,0.0025685426308763,0.0,0.0,0.0,0.0020223575260281,0.0001771747248441,0.0004207817901819,0.0,0.0,0.0,9.509969530790722e-05,0.0,0.0038373021584357,0.0074354478910938,0.0,0.0,0.0,0.0173944084128082,0.0016787419717498,0.0,0.0,0.0,0.0,0.0,0.0,0.0,0.0,0.0,0.0009081268220214,0.0114171340329084,0.0,0.0,0.0033585311528078,0.0,0.0,1.819526173131329e-05,0.0,0.0,0.0032472651638034,0.0282271342011163,0.0,0.0,0.0,0.002232519344083,0.0,0.0041004789477221,0.0,0.0,0.0,0.0233381066442615,0.0,0.002018757744031,0.0,0.0,0.0,0.1761331442858736,0.0,0.0,0.0043224218704951,0.0027781153936953,0.0061101390608874,0.0,0.0,0.0001893485330528,0.0,0.0,0.0,0.0,0.0,0.0009614690461618,0.0,0.0,0.0,1.2697412862858908e-05,0.0,0.0,0.0,0.0,0.0,0.0,0.0,0.0,0.0,0.0,0.0,0.0,0.0,0.0,0.0,0.0,0.0,0.0,0.0,0.0,0.0,0.0,0.0,0.0,0.0,0.0,0.0,0.0,0.0,0.0,0.0,0.0,0.0273656081933132,0.0,0.0,0.0,0.000657320192689,3.855039266094793e-05,0.0150992528619738,0.0,0.0,0.0,0.0,0.0,0.0,0.0,0.0,0.0002757433009855,0.0,0.0,0.0,0.000400819362743,0.0,0.0051860422969148,0.0,0.0,0.0,0.0,0.0,0.0,0.0,0.0,0.0,0.0002982583011135,0.0,0.0001466747537404,0.0,0.0078307694049684,0.0,0.0
A25_01_1FE,0.141886899695541,0.0,0.0,0.0934320438071082,0.0,0.0,0.0,0.0,0.0,0.0,0.0,0.0,0.0,0.0,0.0,0.06954310163143,0.0,8.116302279704231e-05,0.0,0.0044253872540787,0.0,0.0,0.0,0.0017169698271762,0.0,0.0,0.0061394963503407,0.0,0.0065359119198932,0.0,0.0,0.0,0.0092871177077567,0.0041284433851747,0.0075184503862006,0.0,9.195206510238937e-06,0.0,0.0,0.0,0.0,0.0,0.0,0.0,0.0,0.0,0.0,0.0005212251725848,8.594453018236659e-05,0.0049523338884921,0.0,0.0,0.0006730482489649,0.0232390249795344,0.0,0.0,0.0014649803012111,0.0003534637382535,0.0132261398388206,0.0,0.0,1.998424881558595e-05,0.0,0.001187203329433,0.0006053715290496,0.0,0.0,0.0,0.0011465809504499,0.0,0.0104844561981432,0.0001409931664902,0.0,0.0,0.0,0.0212987955382896,0.0010806206690832,0.0,0.001410749016593,0.0,0.0,0.0,0.0,0.0,0.0,0.0,0.0005649943555734,3.077329112093297e-05,0.0,0.0,0.0007969178975539,0.0,0.0,0.0,0.0,0.0,0.0,0.315144901537934,0.0,0.0,0.0,0.0,0.0,0.0015992303162607,0.0,0.0,0.0,0.0,0.0,0.0,0.0,0.0,0.0,0.0296108944152851,0.0,0.0,0.0,0.0047707183430188,0.0053468286815736,0.0,0.0,0.0,0.0,0.0,0.0,0.0,0.0,0.0005635231225318,0.0,0.0,0.0,0.0,0.0,0.000334991590064,0.0,0.0,0.0,0.0,0.0005089648972378,0.0,0.0,0.0,0.0,0.0,0.0,0.0,0.0,0.0,0.0,0.0,0.0,0.0,0.0,0.0,0.0,0.0,0.0,0.0,0.0,0.0,0.0,0.0,0.0,0.0,0.0876210411008976,0.0,0.0,0.0,0.0,0.0,0.0012760903256986,0.0,0.0,0.0,0.0,0.0,0.0,0.0,0.0,0.0,0.0,0.0,0.0,0.0,0.0,0.0,0.0,0.0,0.0,0.0,0.0,0.0,0.0,0.0,0.0,0.0003848909107262,0.0,0.0044308635104004,0.0,0.120419280165723,0.0,0.0
A27_02_1FE,3.867277505674522e-05,0.0001258689376846,0.0,0.1381664311219646,0.0710960521158587,0.0024835611238363,0.0067613369464593,0.0111548504500214,0.0,0.0020014143346673,0.0,9.906741360690176e-05,0.0016058462908176,0.0037292566727796,0.0,0.0323617598436386,0.0043123231274812,0.0006122534547444,0.0001142783309369,0.0498043320355784,0.0062514625072496,0.0,0.0006234511595686,0.0015348994291751,0.0004719874680002,0.0,0.0199229339715406,5.267692219267836e-05,0.0017158307650176,0.0106149751424985,6.693364913667442e-05,8.385649627689022e-05,0.0260025580160383,0.0362191306079524,0.0082059811908867,0.0,0.0104528469701452,3.238634427829026e-05,0.0,0.0,0.0005683887614108,0.0065506573221117,0.0004837183968635,0.0,0.0,0.0,0.0077486433517542,0.0151628991020563,0.0,0.0027996787858387,0.0,0.0,0.0052946901943074,0.0301599374634847,0.0001122576924724,0.0008945254224663,0.0087451548878318,0.0,0.033168134913091,0.0,0.000168526860824,0.0032135448335613,0.0017171778573272,0.001512756599335,0.0263540087867464,0.0,0.0,0.0,0.0069869187794826,0.0,0.0011637193690151,2.452830580522157e-05,0.0,0.0005587907287044,0.0,0.047340528265617,0.0218857035955745,0.0,0.0063149442323428,0.0,0.0,0.0002491840128656,0.0,0.000658251044235,0.0,0.0,0.0059790692164653,0.0,0.0,0.0,3.0534092352495506e-05,0.0005754609960365,0.0,0.0002130651003125,0.0001133241405508,0.0,0.0023346232303485,0.032393220061954,0.0,0.0,0.0,0.0022053023686203,0.0,0.0,0.0144375740865688,0.0,0.0,0.0,9.39877530225252e-05,0.0019275487730205,0.0,0.0,0.0,0.0269265230183557,3.213376447022734e-05,0.0035448734128936,0.0097915369037902,0.0020840921251733,0.1491988645583448,0.0,0.0213963723140873,0.0,0.0,0.0,0.0,0.0001890700185466,0.0,0.0005777342143091,0.0,1.265705482626422e-05,8.200424435109545e-05,2.7334748117031817e-05,0.0,0.0,0.0,0.0,0.0,3.707310293901338e-05,0.0001500043415661,0.0,0.0,0.0,0.0003157247600785,0.0086098282395563,0.0,0.0,0.0,0.0,0.0,0.0,0.0,0.0,0.0,0.0,0.0005414469152174,0.0,0.0011231662776094,0.0016469045418394,0.0,0.0,0.0,0.0,0.0,0.0,0.0,0.0,0.0027411363992142,0.0,0.0,0.0001455982271366,0.0064504112027339,0.0,0.0,0.0,0.0,0.0,0.0,5.719529431469287e-05,0.0,0.0,0.0,0.0,0.0,0.0,0.0,0.0,0.0,0.0,0.0,0.0,0.0,0.0,0.0,0.0,0.0,0.0019780927990562,0.0,0.0236219371961991,0.0,0.0018580893258033,0.0,0.0
A29_01_1FE,0.1095103351297772,0.0,0.0165482586622125,0.0198945861239118,0.0020702211519846,0.0015689993344325,0.0022762817496777,0.0097927352865386,0.0,0.0006866221160267,0.0007763637498629,0.0,0.0,0.0028205499663172,0.0042241189812331,0.0129298957093735,0.0003224781787299,0.0062058805227223,0.00062030206245,0.0267810731146787,0.006907147289985,0.0,0.0006627074498671,0.0,0.0,0.0005533903057931,0.0037565256220746,0.0,0.0469927134724184,0.01068906683592,0.0,0.0,0.0370659574382058,0.1583401387405668,0.0206966396491752,0.0,0.0149835491751115,5.409152325181111e-05,0.0002317503730934,0.0,0.0,0.0196333985225765,0.0022451187207852,0.0,0.0,0.0,0.0004048235240632,0.0120773008793397,0.0,0.0017421711025824,0.0,0.0,0.0120715317743074,0.0197552400485156,0.0,0.1742701169925202,0.000325239459771,0.0,0.0119140894463739,0.0002733175144801,1.0798581214354267e-05,6.927856897793493e-05,0.0,0.0010407071009596,0.0,0.0,0.0,0.0,0.0033485956568402,0.0,0.0727327836345976,0.0,0.0,0.0,0.0,0.0,0.0,0.0006434770997594,0.0035129904959664,0.0,0.0013056421551364,0.0001032521875016,0.0,0.0,0.0,0.0,0.0393295175716585,0.0,0.0,0.0007599932979763,0.0,0.0,0.0,0.0,0.0010640300640389,0.0,0.0062430591995973,0.0357658871537415,0.0,0.0,6.597489344660281e-05,0.0001245534983901,0.0,0.0,0.0303408574625741,0.0,0.0,0.0,0.0004181368433685,0.0,0.0,8.65365754848938e-05,0.0,0.0,0.0,0.0,0.0,0.0005351954360757,0.0070790863433844,0.0,0.002242110896794,0.0010647696928892,0.0,0.0,0.0,0.0014072671591673,0.0,0.0,0.0,0.0005116259300462,0.0,0.000506152676554,0.0,0.0,0.0,0.0001888025911861,0.0001297802089322,0.0013658479435507,0.0004817449244942,0.0,0.0001525114689314,0.0,0.0,0.0,0.0,0.0,0.0,0.0,0.0,0.0,0.0011958812337521,0.0,0.0,0.0,0.0,0.0005215862652302,3.500909891411657e-05,0.0011890273397393,0.0,0.0,0.0,0.0,0.0,0.0,0.0,0.0,0.0012023899676348,0.0,0.0,0.0005926892520389,0.0,0.0,0.0,0.0,0.0,0.0,0.0,0.0016145111630209,0.0,0.0,0.0,0.0,0.0,0.0,0.0003930387710484,0.0001084788980436,0.0,0.0,0.0,0.0,0.0,2.889483375165116e-05,0.0,0.0,0.0,0.0,0.0,0.0,0.0,0.0050325826231991,0.0,0.002780215539681
A34_01_1FE,0.1461006986218103,0.0,0.0001606292103369,0.0475832492122769,0.0001566862727719,3.29993543894693e-05,0.0,0.0,0.0,0.0,0.0,0.0,0.0,0.0022796245183019,0.0,0.0234942057925877,0.0,0.0004283243407059,0.0,0.0131708673206968,0.0001801619164277,0.0,0.0,0.0,0.0,0.0,0.0,0.0,0.0239172526630145,0.0080315211774265,2.317234076613469e-05,0.0,0.0317763764779873,0.0125601972827579,0.0588214705203846,0.0,0.0008403916465288,4.846780175953304e-05,0.0,0.0,0.0,0.0,0.0002130399496614,0.0,0.0,0.0,0.0020357689950561,0.003521649851251,0.0,0.0027771019178386,0.0,0.0,0.008950650254098,0.0680161582794622,0.0,0.0,0.0052984588391591,0.0,0.0202011856595238,0.0,0.0,0.0,0.0002434308992001,0.0005151902882899,0.0010173385523267,0.0,0.0,0.0,0.0001578994843304,0.0,0.0,0.0001457067081681,0.0,0.0,0.0,0.0045829066619932,0.0012218860210791,0.0,0.0,0.0,0.0,0.0,0.0,0.0,0.0,0.0,0.0009150648179505,3.5607759240107504e-05,0.0,0.0,0.0,0.0,0.0,0.0,0.0,0.0,0.0003287196717582,0.4081546378863783,0.0,0.0,0.0,0.0005328425164651,0.0,0.0,0.0019764429498485,0.0,0.0,0.0,0.0,0.0,0.0,0.0,0.0,0.0115112545693338,0.0,0.0,0.0008389357926587,0.0205091594136329,0.0003825862649528,0.0,0.0,0.0,0.0,0.0,0.0,0.0,0.0,0.0002285083970314,0.0,0.0,0.0,0.0,0.0,0.0,0.0,0.0,0.0,0.0,0.0,0.0,0.0,0.0,0.0,0.0,0.0,0.0,0.0,0.0,0.0,0.0,0.0,0.0,0.0,0.0,0.0,0.0,0.0,0.0,0.0,0.0,0.0,0.0,0.0,0.0,0.0,0.0,9.578305253855153e-05,0.0,0.0,0.0,0.000342125659479,0.0,0.0,0.0,0.0,0.0,0.0,0.0,0.0,0.0,0.0,0.0,0.0,0.0,0.0,3.603238328556023e-05,0.0,0.0,0.0,0.0,0.0,0.0,0.0,0.0,0.0,0.0033686638737322,0.0,0.0009282888239375,0.0,0.0613106773354064,0.0,0.0
A34_02_1FE,0.0293528910651583,0.0,0.0,0.022935583671995,0.0,0.0002031775175105,0.0,0.0,0.0,0.0,0.0,0.0,0.0,0.0,0.0,0.0246491498767603,0.0206445964645769,0.0,0.0,0.0002471108129062,0.0,0.0,0.0,0.0012182546307844,0.0006286206191698,0.0,0.0,0.0015009145224079,0.0015459377659717,0.0,0.0,0.0007252626900848,0.0018669973699829,0.2121819146968564,0.0316905504120871,0.0,0.0062877432980903,0.0,0.0,0.0,0.0024511536933675,0.0,0.0013744525875061,0.0,0.0,0.0,0.0738299308598367,0.0,0.0,0.0041601924211263,0.0,0.0,0.0,0.0051486356727514,0.0007238094258604,0.0,8.694432695672709e-05,0.0062660561242817,0.0061824095892186,0.0,0.0007854613658369,0.0,0.0059985996122354,0.0033016486332413,0.0081856784276172,0.0,0.0,0.0,0.0,0.0,0.0,0.000294872900585,0.0,0.0,0.0,0.0010401738685317,0.0011997534593137,0.0002414933877315,0.0,0.0,0.0,0.0,0.0,0.0,0.0,0.0,0.0002928886359712,0.002166956695353,0.0,0.0,0.0,0.0,0.0,0.0038920651717458,0.0007687208798686,0.0,0.019002128417246,0.0018038362710044,0.0,0.0,0.0001451866854837,0.003979233077814,0.0,0.2935801382154901,0.0011495599487981,0.0,0.0,0.0,0.0,0.0851783593977206,0.0,0.0,0.0,0.0,0.0010686802052388,0.0,0.060141187973076,0.0,0.0003104954909962,0.0,0.0,0.0007219369508023,0.0,0.0,0.0,0.0089425216671913,0.0,0.0,0.0,7.990158494673185e-05,0.0274447271912834,0.0003264534500744,0.0,0.0,0.0,0.0,0.0,0.0,0.0027898201524037,0.0,0.0,0.0,0.0,0.0,0.0,0.0,0.0,0.0,0.0,0.0,0.0,0.0,0.0,0.0,0.0,0.0,0.0,0.0,0.0,0.0,0.0,0.0,0.0,0.0,0.0015805925282431,0.0,0.000408702615691,0.0,0.0004798007731253,0.0002978353238115,0.0001160096114423,0.0,0.0,0.0,0.0,0.0,0.0,0.0,0.0,0.0003821525962089,0.0,0.0,0.0,0.0,0.0,0.0,0.0,0.0,0.0,0.0,0.0,0.0,0.0,0.0,0.0,0.0055623688184496,0.0,0.0002581220841441,0.0,0.0001796458160326,0.0,0.0
A36_01_1FE,0.0620652060382975,0.0001959242592805,0.0,0.1200296528140639,0.0001248889819123,0.0,0.0,0.0,0.0,0.0,0.0,0.0,0.0,0.001768173995411,0.0,0.0809106410166387,0.0004491657022121,0.0006689268471107,0.0,0.0056386798086909,0.0008135101219836,0.0,0.0005189785751897,0.0014998901873387,0.0,0.0,0.0031692531611715,0.0,0.0033871127881291,0.0009230511376576,0.0,0.0006450899614928,0.0040228649383044,0.0754592267694612,0.3021583994325891,0.0,0.0145920789010421,0.0,0.0,0.0,0.0111578016768398,0.0,0.0,0.0,0.0,0.0,0.0322456356428128,0.0018949984509419,0.0,0.0015757471709147,0.0,0.0,0.0003676381204906,0.003538962577991,0.0001955507468278,0.0,0.0015947283946474,0.0,0.0083095315352487,0.0,0.0,0.0,0.0001093712372864,0.0028429051445431,0.0002086915940275,0.0,0.0,0.0,0.0002785044670051,0.0,0.0099970607965538,7.565324951080111e-05,0.0,0.0,0.0,0.107340857549278,0.0196002017782179,9.555127653653248e-05,0.0,0.0,0.0,0.0002221719980022,0.0,0.0,0.0,0.0,0.0041325757323661,0.0001273337906936,0.0,0.0,0.0005699460471447,0.0,0.0,0.0008042062663435,0.0002297780697662,0.0,0.0004830195126979,0.0340785970709288,0.0,0.0,4.370095696606869e-05,0.0009778216454948,0.0,0.0,0.0155341452181101,0.0,0.0,0.0,2.244470283960482e-05,0.0015244401421845,0.0,0.0,0.0,0.0,0.0,0.0,0.0279791726739918,0.0005087918719343,0.0,0.0,0.0,0.0018188019105907,0.0,0.0,0.0,0.003282087877565,0.0,0.0,0.0,0.0,0.0,0.0001440739397102,0.0,0.0,0.0,0.0,0.0,0.0,0.0003862797874481,0.0,0.0,0.0,0.0,0.0,0.0,0.0,0.0,0.0,0.0,0.0,0.0,0.0,0.0,0.0,0.0,0.0,0.0,0.0,0.0,0.0,0.0,0.0,0.0,0.0,0.0002053978933082,0.0,0.0,0.0,6.909980374976674e-05,0.0,0.0060600358110155,0.0,0.0,0.0,0.0,0.0,0.0,0.0,0.0,0.0,0.0,0.0,0.0,0.0,0.0,0.003870845370055,0.0,0.0,0.0,0.0,0.0,0.0,0.0,0.0,0.0,0.0,0.0,0.0038673818909482,0.0,0.0124089325706796,0.0,0.0001788105978112
A36_02_1FE,0.4136254987062682,0.0,0.0,0.0335015040608546,0.0,0.0,0.0,0.0,0.0,0.0,0.0,0.0,0.0003782061253507,0.0,0.0,0.0323300966265072,0.0,0.0,0.0,0.0016830765950018,0.0,0.0,0.0,0.0,0.0,0.0,0.0027883915275984,0.0,0.0315635514093769,0.0095004319747489,0.0,0.0,0.0168042924341247,0.0200027495941335,0.0619933060345741,0.0,0.0013823739696324,0.0,0.0,0.0,0.0,0.0112905893771456,0.0,0.0,0.0,0.0,0.0044480071102386,0.0034192827977648,0.0,0.0027222077378617,0.0,0.0,0.0014216278035453,0.012221818120738,0.0,0.0,0.0005873469009188,0.0,0.0103317003738425,0.0,0.0,0.0,0.0007057474185582,0.0005993056270644,0.0,0.0,0.0,0.0,0.0003395913073388,0.0,0.0,0.0,0.0,0.0,0.0,0.0003823140847137,0.0023801516549051,0.0,0.0,0.0,0.0046807001861543,0.0,0.0,0.0,0.0,0.0,0.0021605127609649,0.0,0.0,0.0,5.139513603005368e-05,0.0,0.0,0.0,0.0,0.0,8.00595635850037e-05,0.257605841116548,0.0,0.0,0.0,0.0008342809026263,0.0,0.0,0.0,0.0,0.0,0.0090687310896936,0.0,0.0,0.0,0.0,0.0,0.0023360595577425,0.0,0.0,0.0016570595190363,0.0,0.0021269187821744,0.0,0.0,0.0003411432030982,0.0,0.0,0.0,0.0,0.0,0.0,0.0,0.0,0.0,0.0,0.0,0.0,0.0,0.0,0.0,0.0,0.0,0.0,0.0,0.0,0.0,0.0009771466004719,0.0,0.0,0.0,0.0,0.0,0.0,0.0,0.0,0.0,0.0,0.0,0.0,0.0,0.0,0.0,0.0,0.0,0.0,0.0,0.0,0.003246839792506,0.0,0.0,0.0,9.411791340494732e-05,7.795993991059653e-05,0.0215448775389927,0.0,0.0,0.0,0.0,0.0,0.0,0.0,0.0,0.0,0.0,0.0,0.0,0.0,0.0,0.0002163525264497,0.0,0.0,0.0003509110175834,0.0,0.0,0.0,0.0,0.0,0.0,0.0143041883658208,0.0,0.0003491765458524,0.0,0.0014925585685458,0.0,0.0
A39_02_1FE,0.0218764047934765,0.0,0.0,0.13007478672491,0.0,0.0,0.0008901370692393,0.0,0.0,0.0,0.0,0.0,0.5464561781643159,0.0,0.0,0.0027928777971847,0.0004396236544951,0.0,0.0,0.0021080328748609,0.0009236994255622,0.0,0.0,0.0051374892730099,0.0,0.0,0.0011286458658032,0.0018349822197295,0.0010701926289113,0.0,0.0,0.0,0.0072209481650868,0.0116967260540797,0.0630628608817572,0.0,0.001364302582302,0.0,0.0,0.0,0.0070832128641601,0.0,3.376401854969841e-05,0.0,0.0,0.0,0.0005352691677929,0.0015411891641238,0.0,0.0023804497344223,0.0,0.0,0.0067646441635436,0.0001571524924816,0.0,0.0,0.0,0.007957332190811,0.0315751767396565,0.0,0.0003250507007646,0.0,0.0021045469992256,0.0,0.0020570411403618,0.0,0.0,0.000138282669828,0.0010442070105394,0.0,0.0,0.0,0.0,0.0,0.0,0.0235041070529116,0.0,0.0,0.0006360426634301,0.0,0.0,0.0,0.0,0.0,0.0,0.0,2.8837698437071763e-05,0.0,0.0,0.0,0.0,0.0,0.0,0.0064738184235613,4.813965443391301e-05,0.0,4.090862315748442e-05,0.0146150665652439,0.0,0.0,0.0,0.0,0.0,0.0051886826697358,0.0,0.0,0.0,0.0090740511763417,0.0,0.0,0.0,0.0,0.0,0.0,0.0057472006113937,0.0,0.0005110408916834,0.0,0.0074705483841266,0.0,0.0,0.0,0.0,0.0,0.0,0.0,0.0,0.0,0.0,0.0,0.0,0.0,0.0,0.0,0.0,0.0,0.0,0.0,0.0,0.0,0.0,0.0,0.0,0.0,0.0,0.0001373031675834,0.0,0.0,0.0,0.0,0.0,0.0,0.0,0.0,0.0,0.0,0.0,0.0,0.0144301999210174,0.0,0.0,0.0,0.0,0.0,0.0,0.0,0.0,0.0,0.0,0.0,0.0,0.0,0.0,0.0,0.0,0.0,0.0,0.0,0.0,0.0,0.0,0.0,0.0,0.0,0.0,0.0001240222695019,0.0,0.0,0.0,0.0,0.0,0.0,0.0,0.0,0.0,0.0110886568224001,0.0,0.0001859901909188,0.0,0.038920175983135,0.0,0.0
A40_02_1FE,0.0280527589589652,0.0,0.0,0.0058449670921253,0.0,0.0,0.0,0.0,0.0,0.0,0.0,0.0,0.0,0.0001657662111444,0.0,0.4542938295454845,0.0008202818947821,0.0,0.0,0.0009248576547874,5.328079436380095e-05,0.0,0.0,0.0005393376177419,0.0195330152103035,0.0,8.380870370553656e-06,0.0050660173612589,0.0095380363277408,0.0,0.0,0.0,0.007314413030429,0.0095445996599587,0.1526361135810561,0.0,0.0065654526790814,0.0,0.0,0.0,0.0008411499254236,0.0,0.0002027564783622,0.0,0.0,0.0,0.003845203910615,0.0032616731892725,0.0,0.0033086262582159,0.0,0.0,0.0017678587764776,0.0122789511781652,0.0,0.0,0.0009125724432,0.0745667914642216,0.0055496844585475,0.0,0.0,0.0,0.001958666624392,3.5475652090616674e-05,0.0771006079395857,0.0,0.0,0.0007127105626364,0.0009184289550252,0.0,0.016692909898104,2.49070043140952e-05,0.0,0.0,0.0,0.0021127198118861,4.224093299214794e-05,3.6519053622693634e-05,3.68556347620733e-05,0.0,0.0,6.671038182504957e-05,0.0,0.0,0.0,0.0,0.0046143927884394,0.0,0.0,0.0010182925790791,0.0,0.0,0.0,0.0,0.0,0.0,0.0,0.0023546206767583,0.0,0.0,1.1813997992226237e-05,0.0,0.0,0.0062355021881475,0.004590158946404,0.0,0.0,0.0,0.0002049105976542,0.0085505072648008,0.0,0.0,0.0,0.0041820206567922,0.0,0.0,0.0078527409047529,0.022023749299827,8.323651576859111e-05,0.0,0.0,7.909656775422123e-06,0.0,0.0,0.0,0.0,0.0,0.000222379158788,0.0,0.0,0.0,5.476175137707147e-05,0.0,0.0,0.0,0.0,0.0294234856490889,0.0,0.0,0.0,0.0,0.0,0.0,0.0,0.0,0.0,0.0,0.0,0.0,0.0,0.0,0.0,0.0,0.0,0.0,0.0,0.0,0.0,0.0,0.0,0.0,0.0,0.0,0.0,0.0,0.0,0.0,0.0,0.0,0.0,0.0,0.0,0.0,0.0,0.0,0.0,0.0,0.0,0.0,0.0,0.0,0.0,0.0,0.0,0.0,0.0,0.0,0.0,0.0,0.0,0.0,0.0,0.0,0.0,0.0,0.0,0.0,0.0,0.0,0.0013150561696702,0.0,7.933217455178701e-05
A41_01_1FE,0.0203578096329419,0.0,0.0,0.070460969996162,0.0038372575563,0.0006087631219971,0.0011441900152078,0.0038592363831327,0.0,0.0,0.0115902100007628,0.0,0.0030294884377673,0.0007832712284529,0.0,0.0,0.000133132492619,0.0005609953851705,0.0008105085998141,0.0339538552326469,0.0,0.0,0.0,0.0,0.0,0.0,0.0008623383261271,0.0,0.0033935875418719,0.0066144618098517,0.0,0.0,0.0052755482056287,0.0081482249562524,0.3575001345337228,0.0,0.005592005526069,0.0143612740376492,0.0,0.0,0.0,0.0017138446802909,0.0006362209113926,0.0001677381239786,0.0,0.0,0.0,0.0064339079516025,0.0,0.0003743327985466,0.0,0.0,0.0006298287884026,0.0020519344563673,0.0,0.000305153024118,0.0004507863681018,0.0,0.0047703185830948,0.0,0.0,0.0,0.0,0.0,0.0,0.0,0.0,0.0,6.823512571086025e-05,0.0,0.0049199824282742,0.0,0.0,0.0,0.0,0.0829377643068073,2.4245983755128007e-05,0.0,0.0016053360309141,0.0,0.0,0.0,0.0,0.0,0.0,0.0,0.0019466376126307,0.0,0.0,0.0,0.0,0.0,0.0,0.0,0.0,0.0,0.0,0.2355371683531227,0.0,0.0,0.0,0.0001171049527082,0.0,0.0714286366543163,0.0,0.0,0.0,0.0,0.0001463260863766,0.0,0.0,1.558670384258229e-05,0.0,0.0122292018817275,0.0,0.0,0.0004026407717879,9.449636006381708e-05,0.000433436319986,0.0,0.0,0.0,0.0,0.0,0.0,0.0008543717886075,0.0,0.0,0.0,0.0,0.0,0.0,0.0,0.0030129570852069,0.0,0.0,0.000440678626822,0.0001072176294626,0.0,0.0,0.0,0.0,0.0,0.0,0.0,0.0,0.0,0.0,0.0,0.0,0.0,0.0,0.0,0.0,0.0,0.0,0.0,0.0,0.0,0.0,0.0,0.0,0.0053193169295502,0.0,0.0002973124397608,0.0,0.0,0.0,0.0,0.0001534739283408,0.0,0.0,0.0,0.0,0.0,0.0,0.0,0.0,0.0,0.0013616166617392,0.0,0.0,0.000828456925451,0.0053064697069891,0.0,0.0,0.0,0.0,0.0,0.0,0.0,0.0,0.0,0.0,0.0,0.0,0.0,0.0,0.0,0.0,0.0,0.0
A42_02_1FE,0.1246573780560365,0.0,0.0,0.0289880393742123,0.0,0.0,0.0,0.0,0.0,0.0,0.0,0.0,0.0,0.0,0.0,0.0022215997107551,0.0,0.0,2.0842507324468844e-05,5.143439050304452e-05,0.0012042337565247,0.0,0.0,0.0,0.0,0.0,0.0009579548016647,0.0,0.0001751456788335,0.0,0.0,0.0,0.0,0.2158566707945701,0.0023626082788267,0.0,0.006935294278763,0.0011072546277941,0.0,0.0,0.0006334521156116,0.044920692401245,0.0,0.0,0.0,0.0,0.0035789072453529,0.00062098663798,0.0,0.0058047955378621,0.0,0.0,0.0001911849745934,0.0,0.0001672832789512,0.0,0.0019899019338586,0.0,0.0003759656671011,0.0,0.0,0.0,0.0003166688767157,0.0007746608174985,0.0,0.0,0.0,0.0,0.0,0.0,0.0,0.0002754984918773,0.0,0.0,0.0,0.0042723709149757,0.0032314177610983,0.0,0.0,0.0,0.0,0.0,0.0,0.0,0.0,0.0,0.0039457525285906,0.0003407707061733,0.0,0.0,7.971043953445696e-05,0.0,0.0,0.0002568574565198,0.0003449449257471,0.0,0.0011383611407833,0.0118183592355093,0.0,0.0,0.0,0.0150865444375121,0.0,0.0,0.049564826173203,0.0,0.0,0.3960967558937562,0.0,0.0,0.0,0.0,0.0,0.0009900333931847,0.0126956601096538,0.0,0.0,0.0,0.0098308874979778,0.0,0.0,0.0005312123265961,0.0,0.0,0.0,0.0062065212860323,0.0,0.0,0.0,0.0,0.0,0.0002847332379209,0.0,0.0,0.0,0.0,0.0,0.0,0.0008387608194484,0.0,0.0,0.0,0.0,0.0317412802697391,0.0,0.0,0.0,0.0,0.0,0.0,0.0,0.0,0.0,0.0,0.0,0.0,0.0,0.0,0.0,0.0,0.0,0.0,0.0,0.0,0.0,0.0,0.0,0.0,0.0013328912091449,0.0004382930552593,0.0003508059874776,0.0,0.0,0.0,0.0,0.0,0.0,0.0,0.0,0.0,0.0,0.0,0.0,0.0,0.0,0.0,0.0,0.0,0.0,0.0,0.0,0.0,0.0,0.0,0.0,0.0031843005428943,0.0,0.0,0.0,0.0,0.0,0.0012094944168097
A43_02_1FE,0.5127759353688657,0.020929091595867,4.331556486160212e-05,0.067673815912274,0.000984588791327,0.0,0.0003468416167321,0.0,0.0,0.0003387239120436,0.0,0.0,0.0037296413674171,0.0039786265909114,0.0,0.0102199999441907,0.0,0.0015440127995908,0.0,0.0,0.0,0.0,0.0,0.0029224371074486,0.0,0.0,0.0,0.0071115532441518,0.000217085180851,0.0,0.0,0.0,0.0018383430141189,0.0011846775279863,0.1046504047056305,0.0,9.189495385719104e-05,0.0,2.701673591660689e-05,0.0,8.555299706925513e-05,0.0,0.0,3.304159486514598e-05,0.0,0.0,3.595889498759649e-05,0.0,0.0,0.0001956493669077,0.0,0.0,0.0,0.001471333974801,0.0,0.0,0.0,0.000315829448039,0.0011430108718895,0.0,0.0043156381746224,0.0001655884917329,0.0,0.0,0.0002265981160329,0.0,0.0,0.0,3.202688177907623e-05,0.0,0.049224239161786,0.0,0.0,0.0,0.0,0.1350652244887813,0.0,0.0,0.0,0.0,0.0,0.0,0.0,0.0,0.0,0.0,7.172753127155489e-05,0.0,0.0,0.0,0.0,0.0,0.0,0.0037871629154837,0.0,0.0,0.0,0.0057340168102443,0.0,0.0,0.0,0.0018503293124481,0.0,0.0,0.0188467735041162,0.0,0.0,0.0,0.0,0.0,0.0,0.0,0.0,0.0005015853623578,0.0003661211653674,0.0,0.0022051617947331,4.084220171430712e-05,0.0004157786870169,0.0,0.0,0.0,0.0,0.0,0.0,0.0,0.0,0.0,0.0,0.0,0.0,0.0,0.0,0.0,0.0,0.0,0.0,0.0,0.0,0.0,0.0,0.0,0.0,0.0,0.0,0.0,0.0,0.0,0.0,0.0,0.0,0.0,0.0,0.0,0.0,0.0,0.0,0.0,0.0,0.0,0.0,0.0,0.0,0.0,0.0,0.0,0.0,0.0,0.0,0.0,0.0,0.0,0.0,0.0,0.0,0.0,0.0,0.0,0.0,0.0,0.0,0.0,0.0,0.0,0.0,0.0,0.0,0.0,0.0,0.0,0.0,0.0,0.0,0.0,0.0,0.0,0.0,0.033262802317909,0.0,0.0,0.0,0.0
A44_01_1FE,0.0454636308590186,0.0,0.0,0.0344990885461656,0.0,0.0,0.0,0.0,0.0,0.0,0.0,0.0,0.0,0.0,0.0,0.0239813905499707,0.0,0.0,0.0,0.0003332169256397,0.0,0.0,0.0,0.0004947928855972,0.0,0.0,0.0010714338385818,0.0,0.0007899864562766,0.0,0.0,0.0,0.0016226792910106,0.2457239277501282,0.2260006403859903,0.0,0.0251342763793257,0.0,0.0,0.0,0.001340299963731,0.0,0.0,0.0103271152489053,0.0,0.0,0.0109919880923526,0.0023659520054395,0.0,0.0025476113795979,0.0,0.0,0.0,0.0357708439570206,0.0,0.0,0.0006639408984726,0.0,0.0003948883843286,0.0,0.0,0.0,0.0078992820971575,0.0040886289922163,0.0,0.0,0.0,0.0,0.0205881555991172,0.0,0.000918571564136,0.0,0.0,0.0,0.0,0.004080334681943,0.0098606068932847,4.785537444162834e-05,0.0,0.0,0.0,0.0001682393665252,0.0,0.0,0.0,0.0,0.0016999375293984,0.0,0.0,0.0,0.0,0.0,0.0,0.0,0.0009797304530889,0.0,0.0003067729869876,0.041680423533577,0.0,0.0,0.0,0.0242459464296127,0.0,0.0008252372749378,0.0,0.0,0.0,0.0,0.0,0.0,0.0,0.0,0.0,0.0073392297647194,0.0,0.0,0.0,0.0,0.013712661653719,0.0,0.0,0.0014158108052914,0.0,0.0,0.0,0.0223150496369037,0.0,0.0003876192135273,0.0,0.0013097787658154,0.0002218262025601,0.0005788077250503,0.0,0.0,0.0,0.0001526758854507,0.0,0.0,0.0014164398681493,0.0,0.0,0.0,0.0,0.1232509577074289,0.0,0.0,0.0,0.0072607599978648,0.0,0.0,0.0,0.0,0.0,0.0,0.0,0.0,0.0015370335478522,0.0051612044633919,0.0,0.0,0.0,0.0,0.0,0.0,0.0019099979266553,0.0,0.0029052918608188,0.0,0.0045453053283556,0.001304233693217,0.0,0.0,0.0,0.0,0.0,0.0,0.0,0.0049465542371355,0.0,0.0,0.0,0.0,0.0,0.0,0.0001730621817683,0.0062095959624787,0.0,0.0,0.0,0.0,0.0,0.0002119009885815,0.0,0.0,0.0,0.0031931230661995,0.0,0.0,0.0,0.0001742970088596,0.0,0.0014593559342259
A45_02_1FE,0.4559471412278378,0.0,0.0,0.1117720043531383,0.0,0.0,0.0,0.0,0.0,0.0,0.0,0.0,0.0,0.0,0.0,0.0097295475325929,0.0001063424237022,0.0,0.0,0.0032853221340226,0.0088594375097489,0.0,0.0,0.000698675997613,0.0,0.0,0.0,0.0,0.0005501416683416,0.0020687365743669,0.0,0.0,0.0068754768646017,0.0114934515104035,0.0145879689859692,0.0,0.0004470146129076,0.0,0.0,0.0,0.0001897851514449,0.0,0.0,0.0,0.0,0.0,0.0006001759355407,0.0017337893091513,0.0,0.0041117502025877,0.0,0.0,0.0015867450285897,0.0571700320462423,0.0002747179278974,0.0,0.0,0.0,0.0198158440957329,0.0,0.0004665420933662,0.0,0.0011906273426603,0.0003571411486282,0.0,0.0,0.0,0.0,0.0038593830053356,0.0,0.0103127055433967,0.0,0.0,0.0,0.0,0.0092959433580725,0.0003936081302075,0.0,0.0011147132820823,0.0,0.0,0.0,0.0,0.0,0.0,0.0,0.0005315552712785,0.0,0.0,0.0,0.0001074403543304,0.0,0.0,0.0003325945567265,0.0,0.0,4.626993361676167e-05,0.1108964046771533,0.0,0.0,0.0,0.000269385121989,0.0,0.0046915359978906,0.0726103088941556,0.0,0.0,0.0,0.000214410166963,0.0005488868904807,0.0,0.0,0.0,0.0147236418421675,0.0,0.0,0.009044517244216,0.0002290753832111,0.0005037933111085,0.0,0.0,0.0,0.0,0.0,0.0,0.0,0.0,0.0010336232628285,0.0,0.0,0.0,0.0,0.0,0.0,0.0,0.0,0.0,0.0,0.0005843343650482,0.0,0.0,0.0,0.0,0.0,0.0,0.0,0.0,0.0,0.0,0.0,0.0,0.0,0.0,0.0,0.0,0.0,0.0,0.0,0.0,0.0,0.0,0.0,0.0,0.0,0.0004876380461507,0.0,0.0,0.0,0.0,0.0001440641831422,0.0,0.0,0.0,0.0,0.0,0.0,0.0,0.0,0.0,0.0,0.0,0.0,0.0,0.0,0.0,0.0,0.0,0.0,0.0,0.0,0.0,0.0,0.0,0.0,0.0,0.0035679608471663,0.0,0.0021997040135873,0.0,0.038338090640604,0.0,0.0
A46_01_1FE,0.3261370730264951,0.0002873176806446,0.0,0.0160612953190856,0.0074062386667868,0.0,0.0150683477910597,0.0001220595122479,0.0,0.0032320908209789,0.0,0.0001094922772981,0.0,0.0036054950322225,0.0,0.023018901179636,0.0,0.0003492020864406,0.0021113343192752,0.0,0.0,0.0,7.012012081716286e-06,0.0005058554865487,0.0,0.0,0.0,0.0,0.0001548664053393,0.0,0.0053894791032618,0.0,0.0003580205171473,0.0059414856720992,0.0072398344908753,0.0,0.004963125460066,0.0,0.0,0.0,0.0003683151609237,0.0,0.0,0.0001287218949182,0.0,0.0,0.0039303784507232,0.000220247105248,0.0,8.540669563242802e-05,0.0,0.0,0.0,0.0154129075758729,0.0101552193368062,0.0025979601882038,0.0283613162793689,0.001104479310223,0.0006904598157028,0.0,0.0,0.0,0.0025469531418698,0.0499004109757764,0.0068887288665287,0.0,0.0,0.0,0.0005539295305993,0.0,0.0137052786834851,0.003324295866275,0.0,4.64230162750746e-06,0.0,0.0192359303734781,0.0023225299075425,0.0002269094879184,0.0024067905956602,0.0,0.0,0.0003575543445989,0.0,0.0,0.0,0.0,0.0002533842038945,0.0160198836577055,0.0,0.0,0.0084606044280602,0.0,0.0,0.0005903492609406,0.0,0.0,8.13276858341997e-05,0.0670782866674866,0.0,0.0,0.0001062096456033,0.0024598565707495,0.0,0.0,0.2381470239457119,0.0,0.0,0.0,0.0,0.0039148782134899,0.0,0.001778195761897,0.0,0.0008932837219558,0.0,0.0,0.0002392436365941,0.0,0.0,0.0,0.0007671646237657,1.186797612722618e-05,0.0,0.0,0.0,0.0158399216301789,0.0,0.0002424097251517,0.0014909946243894,0.0035739312659266,0.0005672737197964,0.0,0.0,0.0,0.0,0.0011487074307496,0.0,0.0,0.0,0.0,0.0,0.0,0.0,0.0,0.0001745427716517,0.0,0.0,0.0,0.0,0.0,0.0,0.0,0.0,0.0,0.0,0.0001079189449474,0.0002581430486592,0.0,0.0,0.0,0.0,0.0,0.0001727363530268,0.0005615048345103,0.0249224390854759,0.0002084762484018,0.0,0.0,0.0013071866733388,0.0041484695079351,0.0,0.0,0.0,0.0,8.46103175289644e-05,0.0,0.0,0.0026889026828482,0.0,0.0029639056386735,0.0,0.0,9.626463123818812e-05,0.0004601511529524,0.0001038399351491,0.0015396319602692,0.0,0.0,0.0,0.0,0.0,0.0005511130714528,0.0,0.0,0.0,0.0,0.0,0.0026943413625792,0.0,0.0031095845600388,0.0,0.0035835460747367
A47_01_1FE,0.1269103855479889,0.0,0.0,0.0259199297755505,0.0,0.0,0.0,0.0,0.0,0.0,0.0,0.0,0.0,0.0,0.0,0.0003740128430454,0.0,0.0,0.0,0.0173563334691225,0.0,0.0,0.0,0.0,0.0015911841725797,0.0,0.0005842445871344,0.0,0.0,0.0038894047135482,0.0,0.0,0.0046267426405822,0.067971152681274,0.4832607671685211,0.0,0.0028211573234022,0.0,0.0,0.0,0.0,0.0,0.0,0.0,0.0,0.0,0.0032746823959159,0.0030666821619598,0.0,0.0013477733962532,0.0,0.0,0.0,0.0112476332045653,0.0,0.0,0.0,0.0,0.0126205991757388,0.0,0.0010451101535061,0.0,0.009684049288891,0.0096865744187781,0.0,0.0,0.0,0.0,3.664374533841951e-05,0.0,0.0017227845464634,0.0,0.0,0.0,0.0,0.024110644849466,0.0009170332166741,0.0,0.0010880960855377,0.0,0.0,0.0,0.0,0.0,0.0,0.0,0.0064070766588913,0.0,0.0,0.0,0.0,0.0,0.0,0.0,0.0,0.0,0.0005108983725067,0.0467210689262391,0.0,0.0,0.0,0.0,0.0,0.032726035680555,0.0,0.0,0.0,0.0004507650468232,0.0,0.0042287704255847,0.0,0.0,0.0,0.0156206296534693,0.0,0.0,0.0,0.0,0.0002053576561672,0.0,0.0,0.0,0.0,0.0,0.0,0.0,0.0,0.0016875501759456,0.0,0.0,0.0,0.0,0.0,0.0,0.0,0.0,0.0,0.0,0.0254085028874859,0.0,0.0,0.0,0.0,0.0,0.0,0.0,0.0,0.0,0.0,0.0,0.0,0.0,0.0,0.0,0.0,0.0,0.0,0.0,0.0,0.0,0.0,0.0,0.0,0.0,0.0,0.0,0.0,0.0,0.0,0.0002332515328271,0.0,0.0,0.0,0.0,0.0,0.0,0.0,0.0,0.0,0.0006827246527314,0.0,0.0,0.0,0.0,0.0,0.0,0.0,0.0,0.0,0.0,0.0,0.0,0.0,0.0,0.0,0.0010262597652791,0.0,0.0,0.0,0.0489374870036557,0.0,0.0
A48_01_1FE,0.1660706180787245,0.0,0.0,0.144154172223614,0.0,0.0,0.0023333753544172,0.0,0.0,0.0002899695833234,0.0,0.0,0.0,0.0,0.0397228199312991,0.0291071130286009,0.0,0.0,0.0,0.0643352838990233,0.0086482283292327,0.0,0.0,0.0090076170646737,0.0,0.0,0.0,0.0,0.0237572585798335,0.0371720276490698,0.0,0.0,0.0093084333905157,0.069023125496088,0.0513524562207394,0.0,0.0016484638240647,0.0,0.0,0.0,0.0,0.0,0.0,0.0001146139126104,0.0,0.0,0.0128806272598886,0.006141305094522,0.0,0.0081697664648127,0.0,0.0,0.009647333834533,0.0061288916003066,0.0,0.0,0.0029845414636015,0.0068493563422469,0.0220103304375744,0.0,0.0,0.0,0.0066118126810953,0.0,0.0,0.0,0.0,0.0,0.0,0.0,0.0,0.0,0.0,0.0,0.0,0.0115227356159538,0.0013643996894456,0.0,0.0028578756148595,0.0,0.0,0.0,0.0,0.0,0.0,0.0,0.0059563078749037,0.0,0.0,0.0,0.0,0.0,0.0,0.0043110980735943,0.0,0.0,0.0008400199483645,0.1372461229524067,0.0,0.0,0.0,0.0,0.0,0.0,0.0042851864109116,0.0,0.0,0.0,0.0003877107853498,0.0,0.0,0.0,0.0,0.0143374652994627,0.0,0.0,0.0483059678054219,0.0,0.0,0.0,0.0,4.1097102208372885e-05,0.0,0.0,0.0,0.0,0.0,0.0012167634718348,0.0,0.0,0.0,0.0,0.0,0.0,0.0,0.0,0.0,0.0,0.0,0.0,0.0,0.0,0.0,0.0,0.0,0.0,0.0,0.0,0.0,0.0,0.0,0.0,0.0,0.0,0.0,0.0,0.0,0.0,0.0,0.0,0.0,0.0,0.0,0.0,0.0,0.0,0.0004836441969565,0.0,0.0,0.0001514928371726,0.0,0.0,0.0,0.0,0.0,0.0,0.0,0.0,0.0,0.0,0.0,0.0,0.0,0.0,0.0,0.0,0.0,0.0,0.0,0.0,0.0,0.0,0.0,0.0,0.0,0.0032788497439323,0.0,0.0062639938043405,0.0,0.0196797270284673,0.0,0.0
A48_05_1FE,0.015120401131565,0.0,0.0,0.0121936175326225,9.335423845658026e-05,0.0,0.0018296894878801,0.0001395911880487,0.0,0.0,0.0,0.0,0.0,0.0003179555796878,0.0,0.0011850132114044,0.0032672835191186,0.0011163467481855,0.0003229314103559,0.0101691816875192,0.002545902899114,0.0,0.0006232419289825,0.0,0.0,0.0,0.0004539105837869,0.0031702548210918,0.0,0.0005069223182118,0.0,0.0,0.001431278553852,0.0033121808219926,0.8162975754958887,0.0,0.0002214627403483,0.0,0.0,0.0,0.0006978028377621,0.0,0.001981490598876,0.0,0.0,0.0,0.0013491773478293,4.562453966389655e-05,0.0,0.0,0.000120376826546,0.0,0.0001327781275956,0.0039610291411053,0.0,0.0,0.0001004735038739,0.0,0.0007841526376628,0.0,0.0,0.0,0.0033501885131723,0.0022643857101644,0.0028234394235292,0.0,0.0,0.0,0.0007309112495148,0.0,0.0013306136718755,0.0,0.0,0.0,0.0,0.0095402366910786,0.0025710882574185,0.0,0.0005031713074006,0.0,0.0,0.0,0.0,0.0,0.0,0.0,0.0001831488442044,0.0,0.0,0.0,0.0,0.0,0.0,0.0,0.0,0.0,0.0,0.007530843164841,0.0,0.0,0.0,0.0,0.0,0.0644648335272695,0.0019171875563966,0.0,0.0,0.0,6.258063955576414e-05,0.0006454035132655,0.0,0.0,0.0,0.0029992776242138,0.0,0.0,0.0,0.0,0.0,0.0,0.0,0.0,0.0,0.0,0.0,0.0,0.0,0.0001959711770797,0.0,0.0,0.0,0.0,0.0,0.0,0.0,0.0,0.0,0.0,0.0010923862097378,0.0,0.0,0.0,0.0,0.0,0.0,0.0,0.0,0.0,0.0,0.0,0.0,0.0,0.0,0.0,0.0,0.0,0.0,0.0,0.0,0.0,0.0,0.0,0.0,0.0,0.0024706147535445,0.0,0.0,0.0,0.0,0.0,0.0,0.0,0.0,0.0,0.0,0.0,0.0,0.0,0.0,0.0,0.0,0.0,0.0,0.0,0.0,0.0,0.0,0.0,0.0,0.0,0.0,0.0,0.0,0.0,0.0,0.0015255514072012,0.0,0.0004770673342036,0.0,0.0098300979653023,0.0,0.0
A49_01_1FE,0.4724252156745598,0.0,0.0,0.0760049727583845,3.6197179059565006e-05,0.0,0.0,0.0,0.0,0.0,0.0,0.0,0.0,0.0,0.0,0.2865932161377106,0.0,0.0,0.0,0.0013742694403588,0.0,0.0,0.0,0.0007887818681349,9.21121057579388e-05,0.0,0.0023260465581357,0.0,0.0012195139064272,0.0001588214198497,0.0,0.0,0.0021729101823132,0.0360026282174425,0.0026790949884861,0.0,0.0,0.0,0.0,0.0,0.0,5.900931775117954e-06,0.0,0.0,0.0,0.0,0.0001661975845686,0.0006950865855592,0.0,0.0022407349164357,0.0,0.0,0.0012778395796434,0.0033307161741408,0.0,0.0,0.0010043098030919,0.0022602727576179,0.0052897895421887,0.0,0.0006424459563702,0.0,0.0002674849196111,0.0037299286012442,2.3711670974406906e-05,0.0,0.0,0.0,0.0002253148461938,0.0,0.0002216807357713,0.0,0.0,0.0,0.0,0.0105744697410113,0.0010367649278551,0.0,0.0001689321627083,0.0,0.0,5.1849040780152256e-05,0.0,0.0,0.0,0.0,0.0,0.0,0.0,0.0,0.0,0.0,0.0,6.329109141727123e-05,8.952145278349678e-05,0.0,0.0,0.0229765372116175,0.0,0.0,0.0,0.0,0.0,0.0,0.0,0.0,0.0,0.003802646790985,0.0,0.0,0.0,0.0,0.0,0.0106240519604388,0.0,0.0,7.4841085928325265e-06,0.0010585336090987,0.0110532008219134,0.0,0.0,1.6011674633704203e-05,0.0,0.0,0.0,0.0,0.0,6.42266049913753e-05,0.0,0.0,0.0,3.245512476314875e-05,0.0,0.0,0.0,0.0,0.0002653620234237,0.0,0.0001082317242655,0.0,0.0,0.0,0.0,0.0,0.0,0.0,0.0,0.0,0.0,0.0,0.0,0.0,0.0,0.0,0.0,0.0,0.0,0.0004062287789089,0.0,0.0,0.0,0.0,0.0,0.0,0.0055225884969754,0.0,0.0,0.0,0.0,0.0,0.0010967817217629,0.0,0.0,0.0,0.0,0.0,0.0,0.0,0.0,0.0,0.0,0.0,0.0,0.0,0.0,0.0,0.0,0.0,0.0,0.0,0.0,0.0,0.0,0.0,0.0,0.0232897543524858,0.0,0.0017174230155983,0.0,0.0027184585211811,0.0,0.0
A54_02_1FE,0.1680725777885777,0.0,0.0,0.0505466052091017,0.0,0.0058599304049882,0.0,0.0,0.0,0.0,0.0,0.0,0.0,0.0,0.0,0.0084380159681637,0.0001370639599663,0.0,0.0,0.0159754290970811,6.64925906222847e-05,0.0,0.0,0.0,0.0061442977590042,0.0,0.000975210500034,0.0,0.0069411891517911,0.0,0.0,0.0,0.0069344336745329,0.0391587399921747,0.3212874817989823,0.0,0.0038912398752284,0.0,0.0,0.0,0.0,0.0,0.0009744032417452,0.0,0.0,0.0,0.0268975912559821,0.0004139960402705,0.0,0.0002126913154345,0.0,0.0,0.0004589475807679,0.0219026593509804,0.001122471406805,0.0,0.0001145032151609,0.0007832954637139,0.0042087048190812,0.0,0.0,0.0,0.0021216022445518,0.0020255385081959,0.003233961679109,0.0,0.0,0.0,4.626864612630544e-05,0.0,0.0,0.000238396118838,0.0,0.0,0.0,0.0263186596011455,0.0010066510860151,0.0,0.0001958238659284,0.0,0.0,2.4600134166327684e-05,0.0,0.0,0.0,0.0,0.0043751274883894,0.0019895942707093,0.0,0.0,0.0005143509917401,0.0,0.0,1.6739987671041636e-05,0.0001572879044623,0.0,0.000497611004069,0.1968997712782351,0.0,0.0,0.0,0.000294011966202,0.0,0.0042109566448339,0.000716123076638,0.0,0.0,0.000117392350089,0.0,0.0,0.0,0.0,0.0,0.0124870960824731,0.0,0.0,0.0190280550721801,0.0,0.0072235171164461,0.0,0.0,0.0004981633386876,0.0,0.0,0.0,0.0018504059468252,0.0,0.0,0.0,0.0,0.0,3.4584644579258614e-05,0.0,0.0,0.0,0.0,0.0003509874064732,0.0,0.0,0.0,0.0,0.0,0.0,0.0,0.0,0.0,0.0,0.0,0.0,0.0,0.0,0.0,0.0,0.0,0.0,0.0,0.0,0.0,0.0,0.0,0.0,0.0,0.0,0.0,0.0048810235117374,0.0,0.0,0.0,0.0,0.0002617641219321,0.0001203239722953,0.0,0.0,0.0,0.0,0.0,0.0,0.0,0.0,0.0,0.0,0.0,0.0,0.0002474883964055,0.0,0.0042955488160345,0.0,0.0,0.0,0.0,0.0,0.0,0.0,0.0,0.0,0.0108880023871051,0.0,0.0002887435436861,0.0,0.0,0.0,0.0010258553358306
A56_01_1FE,0.0944390507143861,0.0,0.0,0.1981926789805445,0.0005603284598956,0.0086893470030608,0.0003041248043759,7.937206271499529e-05,0.0,0.0,0.0,0.0001846198434625,0.0,0.0,0.0,0.0211494840869121,0.0002525223239246,0.0,0.0,0.0079547617545396,0.0016495557452019,0.0,0.0,0.0036950993496704,0.0089360600580522,0.0,0.002461831985941,0.0001469340732028,0.0051019425620769,0.0039838391670912,0.0,0.0,0.0189721573230888,0.0570633209249762,0.0330728276978282,0.0,0.0013613479121156,0.00064819099259,0.0,0.0,0.0012610156666194,0.0,1.1597258493209769e-05,0.0001809385118673,0.0,0.0,0.0021405347272457,0.0258422668575994,0.0,0.0063747895602967,0.0,0.0,0.0026234913855244,0.0192289142423164,0.0001195049609134,0.0,0.0014913436041065,0.0,0.021658188786983,0.0,0.0030262886442729,0.0001350176241089,0.00159046292532,0.0012656971287634,0.0795818560571687,0.0,0.0,0.0001794915144774,0.0015200069200522,0.0,0.0,0.0001335706267189,0.0,0.0,0.0,0.0020717385131016,0.0026387699756126,0.0,0.0026793497406522,0.0,0.0,0.0,0.0,0.0,0.0,0.0,0.002440552612559,1.3937989565233755e-05,0.0,0.0,0.0,0.0,0.0,0.0030801467383028,4.047336817263298e-05,0.0,0.003668010707355,0.2244391900942825,0.0,0.0,0.0,5.864595304089196e-05,0.0,0.0066391219364484,0.0057704127975002,0.0,0.0,0.0,0.000293761749539,0.0006902177550196,0.0,0.0,0.0,0.005969311100502,0.0001245268930316,0.0,0.0019306137088319,0.0138973034033271,7.313720631405865e-05,0.0,1.0597127944254062e-05,5.953968672293749e-05,0.0,0.0,0.0,0.0,0.0,0.0001705754570303,0.0,0.0,0.0003831776764903,0.0001374647520478,0.0,0.0002482877286215,0.0,0.0,7.558433425299282e-05,0.0,0.0,0.0,0.0,0.0,0.0,0.0,0.0,0.0,0.0,0.0,0.0,0.0,0.0,0.0,0.0,0.0,0.0,1.9960052232350025e-05,0.0001173983029485,0.0001114826371483,0.0,0.0,0.0,0.0,0.0,0.0,0.0221967910066557,0.0,0.0005179612274921,0.0,0.0,0.0,0.0103783547065132,0.0,0.0,0.0,0.0,0.0,0.0,0.0,0.0,0.0,0.0,0.0,0.0,0.0,0.0,0.0,0.0,0.0,0.0,0.0,0.0,0.0,0.0,0.0,0.0,0.0154086070596661,0.0,0.0090832282043623,0.0,0.0272973929682098,0.0,0.0
A58_01_1FE,0.0,0.0,0.0006141438781067,0.0582124557307792,0.3116964094779584,0.0,0.0095473244660867,0.0111993106165207,0.0,0.0011596690370776,0.0,0.0,0.0120134761583561,0.0001420572373976,0.0188301307459297,0.0217917070536238,0.0,0.0210354425197097,0.0360426481194031,0.0261722068566461,0.0004038484320305,0.0,0.0,0.0001787130781189,0.0,0.0,0.001865706190626,0.0,0.000983302440112,0.0053794031718843,0.0,0.0,0.000956095942414,0.0053555578498925,0.0002736504372191,0.0,0.0008103604372622,0.0,0.0,0.0,0.0,0.0,0.0,0.0,0.0,0.0,0.0,0.0009195669385116,0.0,0.0007641284166984,0.0,0.0,0.0,0.0,0.0,0.0,0.0,0.0,0.0069596631011145,0.0,0.0147522001748825,0.0,0.0,3.088476545208586e-05,0.0004210348210192,0.0,0.0,0.0,0.0003319319555978,0.0,0.3115433808557083,0.0,0.0,6.608198275374429e-05,0.0,0.0024451601987075,0.0,1.382521328245322e-05,0.0001780154756138,0.0,0.0,0.0,0.0,2.631863996430314e-05,0.0,0.0,0.005052481270641,0.0,0.0,0.0,0.0,0.0,0.0,2.2386698572045803e-05,0.0,0.0,0.0022741207481443,0.0017062088906014,0.0,0.0,0.0,0.0,0.0,0.0,0.0909278569930086,0.0,0.0004925073685849,0.0,0.0,0.0,0.0,0.0,0.0062205215377796,0.0004852776698959,0.0,0.0,0.0,0.0,0.0005690533889148,0.0,0.0029187688812459,0.0,0.0,0.0,0.0,0.0,0.0,0.0,0.0,0.0,0.0,0.0,0.0,0.0,0.0,0.0,0.0,0.0002902026421123,0.0,0.0,0.0,6.944315846002877e-05,0.0009173472941774,0.0,0.0,0.0,0.0,0.0,0.0,0.0,0.0010406326823475,0.0,0.0,0.0,0.0,0.0,0.0,0.0,0.0,0.0,0.0,0.0,0.0,0.0,0.0,9.595205365298951e-05,0.0,0.0,0.0,0.0,0.0,0.0,0.0,0.0,0.0038014263053981,0.0,0.0,0.0,0.0,0.0,0.0,0.0,0.0,0.0,0.0,0.0,0.0,0.0,0.0,0.0,0.0,0.0,0.0,0.0,0.0,0.0,0.0,0.0,0.0,0.0,0.0,0.0
A62_03_1FE,0.016927212302146,0.0,0.0,0.0061559849039598,0.0,0.0,0.0,0.0,0.0,0.0,0.0,0.0,0.0,0.0,0.0,0.007376646200642,0.0,0.0,0.0,0.0070990593139186,0.0,0.0,0.0,0.0,6.700839294767102e-05,0.0,0.0,0.0,0.0016439812989353,0.0,0.0,0.0,0.0014588632907114,0.039432343829212,0.8639160930546976,0.0,0.0006171801948966,0.0002296400608347,0.0,0.0,0.0,0.0009031487635891,0.0,0.0,0.0,0.0,0.0005826620852812,0.0,0.0,9.147749676111109e-06,0.0,0.0,0.0001835408100038,0.000673598828367,6.989241254999176e-05,0.0,0.0023516025460484,0.0,0.0007476370190953,0.0,0.0,0.0,0.0064102292570269,0.0017567735030698,0.0001634878612065,0.0,0.0,0.0,0.0010919168591223,0.0,0.0,0.0002818678533205,0.0,0.0,0.0,0.0035402241874612,0.0014495803526163,0.0,0.0,0.0,0.0,0.000283850616797,0.0,0.0,0.0,0.0,0.0,7.732777558722494e-05,0.0,0.0,0.000101391314144,0.0,0.0,0.0,0.0002466738016109,0.0,0.0,0.0071751253309298,0.0,0.0,0.0,0.0020540978989466,0.0,0.0002505492029515,0.0,0.0,0.0,0.0029282712780937,0.0,0.0,0.0,0.0,0.0,0.0015479975215456,0.0,0.0,0.0004811355827184,0.0007232580408944,0.0,0.0,0.0,0.0004755027319325,0.0,0.0,0.0,0.0004603616290204,0.0,0.0,0.0,0.0004152086971216,0.0,0.0001551963048498,0.0,0.0,0.0,0.0,0.0,0.0,0.0018846166845039,0.0,0.0,0.0,0.0,0.0,0.0,0.0,0.0,0.0,0.0,0.0,0.0,0.0,0.0,0.0,0.0002140032670533,0.0001962935841829,0.0003787979496422,0.0007990086182616,0.0,0.0,0.0,0.0,0.0,0.0,7.23258040894499e-05,0.0,0.0002450064777783,0.0,0.0005907283276065,0.0003695150115472,0.0,0.0,0.0,0.0,0.0,0.0,0.0,0.0102630541316959,0.0,0.0,0.0,0.0,0.0,0.0001942657579,0.0,0.0004129555568072,0.0,0.0,0.0,0.0,0.0,4.515293189883414e-05,0.0,0.0,0.0,0.0018190052385511,0.0,0.0,0.0,0.0,0.0,0.0
A66_02_1FE,0.0642073915693566,0.0,0.0,0.0078409503901109,0.0,0.0,0.0,0.0,0.0,0.0,0.0,0.0,0.0001018536987908,0.0,0.0,0.0273197453645363,0.0,0.0,0.0,4.428598012325997e-05,0.0005002044678024,0.0,0.0,0.0,0.0002531032984882,0.0,9.3377719078577e-05,0.0,0.0010665540213017,0.0,0.0,0.0,0.0030770442425659,0.0974734016963681,0.6959406931238518,0.0,0.010979577289103,1.082816546969818e-05,0.0,0.0,0.0,0.0164604337110152,0.0,0.0,0.0,0.0,0.006078331881771,0.0011330235464134,0.0,0.0003558492056698,0.0,0.0,0.0003250680161885,0.0015877051088237,0.0,0.0,0.0001041856070848,0.0006790111402963,0.000996373720383,0.0,0.0,0.0,0.0029768735732395,0.0,0.0005144798020545,0.0,0.0,0.0,0.0003092110397891,0.0,0.0,0.0,0.0,0.0,0.0,0.0057092009375568,0.0010779296782839,2.163605347596996e-05,0.0,0.0,0.0,0.0,0.0,0.0,0.0,0.0,0.0,0.0,0.0,0.0,0.0,0.0,0.0,0.0003731458819725,0.000379492728025,0.0,0.0005187177919107,0.0142521571114899,0.0,0.0,0.0,0.0010118859799041,0.0,0.0,0.000178380845762,0.0,0.0,0.0088840839411552,0.0,0.0,0.0,0.0,0.0,0.0113839504647523,0.0,0.0,0.0032353301220724,0.0008997718846196,0.0041854103934531,0.0,0.0,0.0002776593066976,0.0,0.0,0.0,8.299565780425963e-05,0.0,0.0001404417116911,0.0,0.0001550617628216,0.0,0.0002121630998303,0.0,0.0,0.0,2.644181230802701e-05,0.0,0.0,0.0,0.0,0.0,0.0,0.0,0.0010066341168767,0.0,0.0,0.0,0.0,0.0,0.0,0.0,0.0,0.0,0.0,0.0,0.0,3.412697094663302e-05,0.0,0.0,0.0,0.0,0.0,0.0,0.0,0.0004309163752743,0.0,8.02987551685483e-06,0.0,0.0,5.028810929747469e-06,0.000285243078019,0.0,0.0,0.0,0.0,0.0,0.0,0.0013187651113993,0.0,0.0,0.0,2.0743845085208305e-05,0.0,0.0,0.0,0.0002503252859988,0.0,0.0,0.0,0.0,0.0,4.13863028532846e-05,0.0,0.0,0.0,0.0005356697513351,0.0,3.6580544021227554e-05,0.0,0.0021888710670262,0.0,0.0004022643194529
A70_01_1FE,0.266333264219584,0.0,0.0,0.0609582326376454,0.0,0.0,4.374348250670068e-05,0.0,0.0,0.0,0.0,0.0,0.0,0.0020187212585327,0.0,0.0464757127998095,0.0004068762660143,0.0002845944308025,0.0,0.0064571377654095,0.0001210442611692,0.0,0.0014942754584687,0.0010147631159524,0.0,0.0,0.0045410399544115,0.0,0.0054472297476243,0.0028302842364862,0.0,0.0,0.0284607758523028,0.0139776848264473,0.1272743040978364,0.0,0.0010482728131066,0.0,0.0,0.0,3.350969715420814e-05,0.0004276770297308,0.000189063234512,0.0001943467236939,0.0,0.0,0.0010156674969836,0.0042686784670303,0.0,0.0015651979709116,0.0001188071080921,0.0,0.0056257260037724,0.0403734255916223,0.0002644600531089,0.0,0.0031578129667676,0.0,0.0087310372717318,0.0,0.0,0.0002333303060367,0.0006808085204497,0.003767365781763,0.0034727755606162,0.0,0.0,0.0,0.0013389123171174,0.0,0.0006069824689068,0.0,0.0,0.0,0.0,0.029983134721739,0.0013375795450715,0.0,0.000477037194431,0.0,0.0,0.0,0.0,0.0,0.0,0.0,0.0001846841263612,8.529741093798437e-05,0.0,0.0,1.361331446889706e-05,0.0,0.0,0.0,8.843894504619139e-05,0.0,0.0001159035689921,0.1598860460861156,0.0,0.0,0.0,0.0001913003875891,0.0,0.0,0.0008621131176945,0.0,0.0,0.0061382720534266,0.0002948282161549,2.517987186729561e-05,0.0,0.0,0.0,0.0016203652138118,0.0001580286854431,3.408088517388216e-05,0.0,0.0002145762993907,0.0385074495293506,0.0,0.0,9.634037931834842e-05,0.0,0.0,0.0,0.0,0.0,0.0003824103791716,0.0,0.0,0.0,0.0,0.0,0.0,0.0,0.0,0.0,0.0,0.0,0.0,0.0,0.0,0.0,0.0,0.0,0.0,0.0,0.0,0.0,0.0,0.0,0.0,0.0,0.0,0.0,5.516724290018075e-05,0.0003167713559108,0.0,0.0,0.0,0.0,0.0,0.0,0.0,0.0052557865630302,0.0,0.000944840182544,0.0,0.0,0.0,0.000723409626917,0.0,0.0,0.0,0.0,0.0,0.0,4.57426405755597e-05,0.0,0.0,0.0,0.0,0.0,0.0,0.0,8.106109979206886e-05,0.0,0.0,0.0,0.0,0.0,0.0,0.0,0.0,0.0,0.0002428977053662,0.0,0.0018087620623009,0.0,0.1045753397949932,0.0,0.0
A72_01_1FE,0.3723559790683684,0.0046686429402436,0.001496405532507,0.1014926632479513,0.0030421151875185,0.0,0.0020069192236455,0.0157970789721792,0.0,0.0026854227342452,0.002147016633597,0.0004458337984714,0.0,0.0034830566954838,0.0,0.0059588098366044,0.0005405027965793,0.0077178106504401,0.0009176539192424,0.0105373583880448,0.0006659233350121,0.0,0.0,0.0321783736742925,0.0002193271016564,0.0,0.0,0.0,0.0013242858574236,0.0082872859726148,0.0,0.0,0.012421906812794,0.0038938184892873,0.0096067430757727,0.0,0.004841525050211,0.0,0.0,0.0,0.0005415829126651,0.0,0.0001275172343639,7.135119790274526e-05,0.0,0.0,0.0,0.0002352111617416,0.0,0.0021310690372715,0.0,0.0,0.0024734658364682,0.0132596956779281,0.0,0.0,0.0005875831506719,0.0002209790439053,0.0137336760308707,0.0,0.000524046910331,0.0027190969416258,0.0015052370699144,0.0,0.0,0.0,0.0,0.0,0.0027144587960809,0.0,0.0612776540691881,0.0,0.0,0.0,0.0,0.070571417625042,0.0028203101724888,0.0,0.0033345725018073,0.0,0.0,0.0,0.0,0.0,0.0,0.0,0.0007100810220489,0.0,0.0,0.0,0.0,0.0,0.0,0.0070518237791876,0.0,0.0,2.1157568033494364e-05,0.0842056594397796,0.0,0.0,0.0,0.0014046592014549,0.0,0.0,0.0455887773143091,0.0,0.0,0.0,0.0005200441271896,0.0004397343193987,0.0,0.0,0.0,0.006207236536337,0.004601040380521,0.0058542291850034,0.0,0.0006179534735547,0.0122098228425364,0.0,0.0,0.0,0.0,0.0,0.0,0.000280576037345,0.0,0.0008463662575801,0.0,0.0,0.0,0.0,0.0,0.0,0.0,0.0,0.0,0.0,0.0,0.0,0.0,0.0,0.0,0.0,0.0,0.0,0.0,0.0,0.0,0.0,0.0003190789989915,0.0,0.0,0.0,0.0,0.0,0.0,0.0,0.0,0.0,0.0,0.0,0.0,0.0,0.0408464323352701,0.0,0.0,0.0,0.0,0.0,0.0,0.0,0.0,0.0,0.0,0.0,0.0,0.0,0.0,0.0,0.0,0.0,0.0,0.0,0.0,0.0,0.0,0.0,0.0,0.0,0.0,0.0,0.0,0.0,0.0,0.0006939428170023,0.0,0.0,0.0,0.0,0.0,0.0
A72_02_1FE,0.4195871804665878,0.0,0.0,0.051750831681761,0.0,0.0,8.174025696702883e-05,0.0,0.0,0.0,6.36478725465351e-05,0.0,0.0,0.0,0.0,0.0186155626309668,0.0003519496126281,0.0,0.0,0.0249554018667446,7.75619708788879e-05,0.0,0.0,0.0001704984119266,0.006860137268462,0.0,1.289995122358072e-05,0.0,0.0052130001002788,0.0008472590605524,0.0,0.0,0.0311969905306244,0.0280651825610832,0.0650280050639205,0.0,0.0045263819417557,0.0002080218549512,0.0,0.0,0.0,0.0,0.0004467115184718,0.0,0.0,0.0,0.0031467767808665,0.0006684040764494,0.0,0.000547882834043,0.0,0.0,0.0,0.0154678934006444,0.0,0.0,0.0007389481493356,0.0,0.0076619625385416,0.0,0.0,0.0,0.0111178513581619,0.0004603822214981,0.0020955524537978,0.0,0.0,0.0,0.000751726402906,0.0,0.0008408902167093,0.0,0.0,0.0,0.0,0.0134798405403764,4.892245652716463e-05,0.0,0.0002254651852221,0.0,0.0,0.0,0.0,0.0,0.0,0.0,0.0013164846448391,0.0,0.0,0.0,0.0,0.0,0.0,0.0,2.876121200477589e-05,0.0,0.0006780181910405,0.0760715397219519,0.0,0.0,0.0,0.0028037922286798,0.0,0.0047757809987449,0.0374312773353212,0.0,0.0,0.0,0.0,0.0010012471575484,0.0,0.0,0.0,0.0669072196564752,0.0,0.0,0.0312644110304156,0.0027629018172542,0.0067980308995208,0.0,0.0,0.0001503371674042,0.0,0.0,0.0,0.0017552858158626,0.0,0.002807159197081,0.0,4.648850346611168e-05,0.0,0.0,0.0,0.0001254702802972,0.0,0.0,4.71375576157258e-05,0.0,0.0,0.0,0.0002867602364763,0.0,0.0,0.0,0.0,0.0,0.0,0.0,0.0,0.0,0.0,0.0,0.0,0.0,0.0,0.0,0.0,0.0,0.0,0.0,0.0,0.0,0.0,0.0,0.0018162157741576,0.0,0.0005457734080566,0.0,0.0004472388749684,0.0,0.0,0.0,0.0,0.0,0.0,0.0,0.0,0.0,0.0,0.0029518982724449,0.0,0.0,0.0002008416934211,0.0027165755773254,0.0,0.0,0.0,0.0,0.0,0.0,0.0,0.0,0.0,0.0,0.0,0.0188140515030957,0.0,0.0003996145267405,0.0,0.0187509309870457,0.0,0.0009872924933316
A73_01_1FE,0.102482726849705,0.0,0.0,0.3175916981099579,0.0,0.0,0.0014950537792804,0.0,0.0,0.0,0.0,0.0,0.0,0.0007085456851692,0.0,0.0056804863975867,0.0158843129074918,0.0,0.0,0.0063009759491457,0.0250423197355797,0.0,0.0,0.0112262912555655,0.0001740006093399,0.0,0.0045778208856309,0.0,0.0041854326183061,0.0066064906112733,0.0,0.0,0.0149840286867877,0.0427157558987686,0.091629396608965,0.0,0.0027647091964136,0.0,0.0,0.0,0.0197125374787597,0.0,0.0,0.001645361587203,0.0,0.0,0.0020738592042815,0.021337373751366,0.0,0.006958926311502,0.0,0.0,0.0110196444153954,0.0299375228006259,0.0,0.0,0.0,0.0011365365043563,0.0267593932243993,0.0,0.0020518557291684,0.0,0.0018496011373895,0.0,0.0043180025000339,0.0,0.0,0.0,0.0025869498360465,0.0,0.0,0.0,0.0,0.0,0.0,0.0104097976195533,0.0,0.0,0.0025976348249211,0.0,0.0,0.0,0.0,0.0,0.0,0.0,0.0007973197824585,0.0,0.0,0.0,0.0,0.0021677857467992,0.0,0.0025917644160137,0.0001205756649674,0.0,0.0017036011115428,0.0035662522946329,0.0,0.0,0.0,0.0002898039274977,0.0,0.0769235999644905,0.0228689592119765,0.0,0.0,0.0,0.0,0.0,0.0,0.0,0.0,0.0032879357860041,0.000991676773765,0.0,0.0212590312440054,0.0,0.0097132461511444,0.0,0.0,0.0002570309971948,0.0,0.0,0.0,0.0003295030956482,0.0,0.0,0.0,0.0,0.0,4.87792970358492e-05,0.0,0.0,0.0,0.0,0.0,0.0,0.0,0.0,0.0,0.0,0.0,0.0,0.0,0.0,0.0,0.0,0.0,0.0,0.0,0.0,0.0,0.0,0.0,0.0,0.0,0.0,0.0,0.0,0.0,0.0,0.0,0.0,0.0004153208719051,0.0,0.0,0.0,0.0,0.0,0.0092058569956564,0.0,0.0,0.0,0.0,0.0,0.0,0.0,0.0,0.0,0.0,0.0,0.0,0.0,0.0,0.0,0.0,0.0,0.0,0.0,0.0,0.0,0.0,0.0,0.0,0.0343462421231993,0.0,0.0048492111564122,0.0,0.0058214606776782,0.0,0.0
A81_03_1FE,0.2973189040849612,0.000844961421944,0.0001030036554314,0.0974515799320227,0.0040230066313192,0.0,0.0082575531955877,0.0103515359234553,0.0,0.0,0.0021021669292026,0.0001567491271268,0.0003556940586445,0.0041512767774765,0.0,0.0187364159148908,0.0068061450043137,0.0,0.0008937606785024,0.0191973062810379,0.0024097756180097,0.0,0.0,0.0329911274843863,4.4413952416237866e-05,0.0162500504501195,0.0,0.0023182961339285,0.0046706293668672,0.0019150776164413,0.0,0.0,0.0111847437104603,0.0083973475130951,0.0153502982223531,0.0,0.0004063290239135,0.0,0.0,0.0,0.0029163292383345,0.0,0.0,0.0002266335379034,0.0,0.0,0.000692827062548,0.0015488792246189,0.0,0.000884658622812,0.0,0.0,0.0028941987499893,0.013528076871526,0.0,0.0,0.0001635565469288,0.0014201756472383,0.0090965230682677,0.0,0.0006875239040506,0.0001727860823907,0.0,0.0,0.0034542683784207,0.0,0.0,0.0122872652628916,0.0004243291676597,0.0,0.0,0.0,3.0901096629437587e-05,0.0,0.0,0.0231172072731084,0.0,0.0,0.0019382534389134,0.0001098110752334,0.0,0.0,0.0,0.0,0.0,0.0,0.0003953912595125,0.0,0.0,0.0005479845460861,0.0,0.0254229339015599,0.0,0.0058041794956996,0.0,0.0,0.0028685753159031,0.1521330591022489,0.0,0.0,0.0,0.0,0.0,0.0003200762104668,0.031444083968478,0.0001494827801471,0.0003783089701217,0.0,0.0,0.0003994196202942,0.0,0.0,0.0,0.0020828919877407,0.0040350152258014,0.0003867226350455,0.0023455258131366,0.0,0.0,0.0,0.0048603702588775,0.0002162566844973,0.0,0.0,0.0,0.0,0.0,7.658984676141135e-05,0.0,0.0,1.246752165989685e-05,0.0,0.0,0.0,0.0,0.0,0.0,0.0,0.0003262972233196,0.0,0.0,0.0,0.0,0.0,0.0,0.0,0.0,0.0,0.0,0.0,0.0003066908344516,0.0,0.0,0.0,0.0,0.0,0.0,0.0,0.0,0.0,0.0001577944612536,0.0,0.0,0.0,0.0311407331040415,0.0,0.0,0.0,0.0,0.0,0.0203526554508093,0.0,0.0,0.0,0.0,0.0,0.0,0.0,0.0,0.0004626240910404,0.0,0.0,0.0005478570663145,0.0003242065550659,0.0,0.0,0.0,0.0,0.0,0.0,0.0,0.0,0.0,0.0,0.0,0.0341958368217111,0.0,0.0049549602493851,0.0,0.0310686560411937,0.0,0.0
A82_02_1FE,0.0157283379321999,0.0,0.0,0.0357797837101409,0.0,0.0,0.0011032390303353,0.0,0.0,0.0,0.0,0.0,0.0,0.0,0.0,0.0,0.0011551921148664,0.0,0.0,0.0,0.0,0.0,0.0,0.0022150350392993,0.0,0.0,0.0,0.0179962428751691,0.0027489293844505,0.0,0.0,0.0,0.001517030068306,0.1923636300292502,0.1387743289418717,0.0,0.0017297321085036,0.0,0.0,0.0,0.0006521640140541,0.0094047307256348,0.0100672853565952,0.0,0.0,0.0,0.1323174773538036,0.0155599488170434,0.0,0.0010919315942903,0.0,0.0,0.0,0.0133048793420172,0.0,0.0,0.0,0.0,0.0055770108212161,0.0,0.0,0.0,0.0033191908887734,0.0,0.0,0.0,0.0,0.0,0.0,0.0,0.0,0.0,0.0,0.0,0.0,0.0060384764544036,0.0,0.0004923318775263,0.0,0.0,0.0,0.0,0.0,0.0,0.0,0.0,0.0,0.0,0.0,0.0,0.0,0.0,0.0,0.0007484300236262,0.0004339610590237,0.0,0.0,0.0443135362539319,0.0,0.0,0.0,0.0127254496463063,0.0,0.0065723707995547,0.0,0.0,0.0,0.0,0.0,0.1950599951164106,0.0,0.0,0.0,0.0,0.0,0.0,0.1231670111359912,0.0,0.0,0.0,0.0,0.0,0.0,0.0,0.0,0.0015127515789917,0.0,0.0,0.0,0.0,0.0,0.0,0.0,0.0,0.0,0.0,0.0,0.0,0.0,0.0,0.0,0.0,0.0,0.0,0.0,0.0,0.0,0.0,0.0,0.0,0.0,0.0,0.0,0.0,0.0,0.0,0.0,0.0,0.0,0.0,0.0,0.0,0.0,0.0,0.0035535909819223,0.0,0.0,0.0,0.0007230646941199,0.0,0.0019607705314769,0.0,0.0,0.0,0.0,0.0,0.0,0.0,0.0,0.0,0.0,0.0,0.0,0.0,0.0,0.0,0.0,0.0,0.0,0.0,0.0,0.0,0.0,0.0,0.0,0.000292159698892,0.0,0.0,0.0,0.0,0.0,0.0
A85_01_1FE,0.3792789832029569,0.0,0.0,0.0982870311493968,0.0,0.0,0.0,0.0,0.0,0.0,0.0,0.0,0.0,0.0,0.0,0.0389322549664769,0.0,0.0,0.0,0.0061954333840372,0.0010463876025207,0.0,0.0,0.0,0.0,0.0,0.000105927797107,0.0,0.0015085311860683,0.0,0.0,0.0,0.0074913331666735,0.0597954954965172,0.0304038439079013,0.0,0.0052660139405754,0.0,0.0,0.0,0.0,0.0144702741835099,0.0,0.0,0.0,0.0,0.00882321856151,0.0012825916706614,0.0,6.284054667814347e-05,0.0,0.0,0.0021250011264151,0.0136054259380591,0.0001836280741962,0.0,0.0042799604241813,0.0,0.0031667338736266,0.0,0.0,0.0,0.0005157340972387,0.0046257923026238,5.02485662896456e-05,0.0,0.0,0.0,0.0008049319027489,0.0,0.0,0.0001522973173054,0.0,0.0,0.0,0.0753738042765829,0.0136104388591617,0.0,1.3904888296303348e-05,0.0,0.0,0.0,0.0,0.0,0.0,0.0,0.0003821755564355,0.0,0.0,0.0,0.0001637554226826,0.0,0.0,0.0,0.000340222181018,0.0,1.0025842205059924e-05,0.1346959367947041,0.0,0.0,0.0,6.069215191991634e-05,0.0,0.0,0.0,0.0,0.0,0.0181948745626897,0.0,0.0,0.0,0.0,0.0,0.0022168450023293,0.0,0.0,0.0012046526830435,0.0015855153315715,0.0229501673271288,0.0,0.0,0.0012075768870201,0.0,0.0,0.0,0.0002443202261159,0.0,0.0,0.000145971488295,1.0264552733751828e-05,0.0004569516295484,0.0002856768252119,0.0,0.0,0.0,0.0,0.0,0.0,0.0,0.0,0.0,0.0,0.0,0.0,0.0,0.0,0.0,0.0,0.0,0.0,0.0,0.0,0.0,0.0,0.0,0.0,0.0001053310207853,0.0005483777620373,0.0,0.0,0.0,0.0,0.0,0.0,0.0048821077328066,0.0,0.000130097238137,0.0,0.0,0.0,0.024298464070813,0.0,0.0,0.0,0.0,0.0,0.0,0.0,0.0,0.0,0.0,0.0,0.0,0.0007142815794781,0.0,0.0001940716598263,0.0,0.0,0.0,0.0,0.0,0.0,0.0,0.0,0.0,0.0105711167302242,0.0,3.246463190209881e-05,0.0,0.0029100007000185,0.0,0.0
A89_02_1FE,0.092721796027692,0.0,0.0,0.1273072833619474,0.0,0.0008680042504606,0.0,0.0,0.0,0.0,0.0,0.0,3.8845745055154106e-05,0.0,0.0,0.0497296348214304,0.0066785511981487,0.0,0.0,0.0159722599134803,0.0023704554753127,0.0,0.0,0.0194141015566581,0.0009975772405695,0.0,0.0002613588398531,0.0007548667723715,0.0036198762593031,0.0024472215877572,0.0,0.0,0.0107249259768275,0.0039718416427754,0.0017849529326766,0.0,0.0004883378877337,0.0005021783189082,0.0,0.0,0.0162269198237098,0.0,0.0,4.671145521391395e-05,0.0,0.0,0.0002405981930914,0.0024104881178087,0.0,0.0073155932533852,0.0,0.0,0.002029172168808,0.0166841569751125,0.0,0.0,0.0,0.035219350918379,0.0103936206555882,0.0,0.0005457314199151,0.0,0.0002258122673453,0.0001226326576158,0.0356432543569094,0.0,0.0,0.0,0.0005627503222024,0.0,0.0122530866072624,0.0,0.0,0.0,0.0,0.0297905826085245,0.0,0.0,0.0046858710964199,0.0,0.0,0.0,0.0,0.0,0.0,0.0,4.624876638104573e-05,0.0,0.0,0.0,0.0,0.0,0.0,0.0105731841565526,0.0,0.0,0.0006085162828448,0.4285626547266681,0.0,0.0,0.0,5.049343349996728e-06,0.0,0.0019007860761399,0.0069286445707669,0.0,0.0,0.0,0.0,0.0009776212700389,0.0,0.0,0.0,0.0066604660998553,0.0003546610488463,0.0,0.0018808301056092,0.0017698049026267,0.0010095467995068,0.0,0.0,7.557921500373587e-05,0.0,0.0,0.0,0.0008697544212633,0.0,0.0002027985271366,0.0,0.0,0.000405355651404,0.0,0.0,0.0,0.0,0.0,0.0003002045849083,0.0,0.0001173620283022,0.0,0.0,0.0,0.0,0.0,0.0,0.0,0.0,0.0,0.0,0.0,0.0,0.0,0.0,0.0,0.0,0.0,0.0,0.0,0.0,0.0,0.0,0.0,0.0,0.0,0.0,0.0,0.0,0.0,0.0004730892731547,0.0,0.0,0.0,0.0,0.0,0.0,0.0,0.0,0.0,0.0,0.0,0.0,0.0,0.0,0.0,0.0,0.0,0.0,0.0,0.0,0.0,0.0,0.0,0.0,0.0,0.0,0.0026518909871312,0.0,0.0058385899143409,0.0,0.0127369585419137,0.0,0.0
A91_01_1FE,0.0648084777175389,8.337518662382045e-05,0.0,0.2029644032623269,0.0,0.0006671104445574,0.0,0.0,0.0,0.0,0.0,0.0,0.0,8.996675642550765e-05,0.0,0.0052420684553045,0.0095573676440702,0.0,0.0005986343847168,0.0005181736525094,0.0094045903092865,0.0,0.0,0.0511109232907154,2.571256980492861e-05,0.0,0.0028830218893775,0.000359758074135,0.0437683775757955,0.0035839345575875,0.0,0.0,0.0294464761944503,0.0392147740721746,0.0729904135422877,0.0,0.0037280502427971,0.0,0.0,0.0,0.0047561989424016,0.0,0.0,0.0044487103825204,0.0,0.0,0.0031085243951137,0.0118041668581262,0.0,0.0069115060780946,0.0,0.0,0.0094791676568774,0.0764336371511336,0.0,0.0,0.0,0.0749697638973241,0.05913569648011,0.0,0.0,0.0,0.0129188775776884,0.0,0.0,0.0,0.0,0.0,0.0133671860378784,0.0,0.038239739261468,0.0,0.0,0.0,0.0,0.0093999871055819,0.0,0.0,0.0063462108728706,0.0,0.0,0.0,0.0,0.0,0.0,0.0,0.0020269349519105,0.0,0.0,0.0,0.0,0.0,0.0,0.0039641210505295,0.00025745255275,0.0,0.0038864930590633,0.0017320030601226,0.0,0.0,0.0,2.900835470577222e-05,0.0,0.0065268525709068,0.0028242969947807,0.0,0.0,0.0,0.0001758205911978,0.0,0.0,0.0,0.0,0.0025776306471604,0.0077561803389216,0.0,0.0068777855681173,0.0002762466980525,0.0003707894202907,0.0,0.0,0.0008341331967225,0.0,0.0,0.0,0.0,0.0,0.0002642620256857,0.0,0.0,0.0,0.0001809957906288,0.0,0.0,0.0,0.0,0.0,0.0,0.0,0.0,0.0,0.0,0.0,0.0,0.0,0.0,0.0,0.0,0.0,0.0,0.0,0.0,0.0,0.0,0.0,0.0,0.0,0.0,0.0,0.0,0.0,0.0,0.0,0.0,0.0098117695529452,0.0,0.0,0.0,0.0,0.0,0.0,0.0,0.0,0.0,0.0,0.0,0.0,0.0,0.0,0.0,0.0,0.0,0.0,0.0,0.0,0.0,0.0,0.0,0.0,0.0,0.0,0.0,0.0,0.0,0.0,0.0200686607327467,0.0,0.0032864423039758,0.0,0.0539071380191097,0.0,0.0
A91_02_1FE,0.0374060441290907,0.002499753780151,0.0,0.310689260449373,0.0024170672023256,0.0004527559126133,0.0001427533981044,0.0502119294508882,0.0,0.0,0.0108304625722379,0.0,0.0,0.0042700113603853,0.0,0.0,0.0,0.0131260252396088,0.0047910955358266,0.0376177390848847,0.0064072357249306,0.0,0.0,4.6321800143078286e-05,0.0,0.0,0.0142405263080045,0.0,0.0008644210694923,0.0010087978951719,0.0,0.0,0.0058703862639267,0.002320310918849,0.0108807888270663,0.0,0.000784007290272,0.0,0.0,0.0,0.0,0.0001078677433238,0.0,0.0,0.0,0.0,0.0011046883506083,0.0027269614883295,0.0,0.0030476425486657,0.0,0.0,0.0039968426137471,0.0227978655895765,0.0,0.0,0.0064987609639984,0.0,0.0257963723969691,0.0,0.0,0.0,0.0122096184115445,0.0030745553702442,0.0,0.0,0.0,0.0,0.0013699203402126,0.0,0.0007812655014784,0.0001561376565569,0.0,0.0,0.0,0.0573685032683205,0.0050518180043889,0.0,0.0022102425292567,0.0,0.0,0.0,0.0,0.0,0.0,0.0,0.0025507654821777,0.0,0.0,0.0,0.0,0.0,0.0,0.0,0.0,0.0,0.0010188270699692,0.2753302141878201,0.0,0.0,0.0,0.0,0.0,0.0,0.0,0.0,0.0,0.0,0.0022384540928953,0.0,0.0,0.0,0.0,0.0051772548416922,0.0,0.0,0.0,0.0003556749436219,0.0,0.0,0.0,0.0,0.0,0.0,0.0,0.0,0.0,0.0002044075697902,0.0,0.0,0.0,0.0,0.0,0.0,0.0,0.0,0.0,0.0,0.0008964567069745,0.0,0.0,0.0,0.0,0.0,0.0,0.0,0.0,0.0,0.0,0.0,0.0,0.0,0.0,0.0,0.0,0.0,0.0,0.0,0.0,0.0,0.0,0.0,0.0,0.0,0.0,0.0,0.0,0.0,0.0,0.0,0.0,0.0,0.0,0.0,0.0,0.0,0.0,0.0,0.0,0.0,0.0,0.0,0.0,0.0,0.0,0.0,0.0,0.0,0.0,0.0,0.0,0.0,0.0,0.0,0.0,0.0080526336865549,0.0,0.0389985544279348,0.0,0.0,0.0,0.0
A94_02_1FE,0.1502953669186676,2.457589229927617e-05,0.0005386861041675,0.075841679681906,0.0059027564273198,0.000673903099974,0.0164944106209112,0.0049085733168885,0.0,0.0,0.0,0.0008932414511002,0.0,0.0142861506615258,0.0,0.0106649653299417,5.292048478972465e-05,0.0080915579925601,8.217749943172007e-05,0.0078310416330293,0.0010112612728764,0.0,0.0,0.0065697171848364,0.0,0.0,2.1402250033025828e-05,0.0,0.0026045883726474,0.0022462841607878,0.0,0.002002826128438,0.0597613302004195,0.047335866164332,0.0022979550239351,0.0,0.0004093998523461,0.005731240898093,0.0,0.0,0.0150355071063799,0.0,3.4711712287113243e-05,0.0006887002070404,0.0,0.0,0.0105145941923139,0.0060757596013587,0.0,0.0054234769393234,0.0,0.0,0.005086356789591,0.1296221818552561,0.0,0.0001231571551946,0.0003376953723931,0.0,0.005185493439883,0.0003386077945446,0.0,0.0004509348955057,0.0015592897864653,0.0019977086302836,0.0016951811812534,0.0,1.6502939784501832e-05,0.0,0.0021528402313108,0.0,0.0,0.0,0.0,2.9475202547800148e-05,0.0,0.0158606739308692,0.0011002621031805,0.0,0.005173413764007,0.0,0.0,0.0,0.0,0.0,0.0,0.0,0.0019528610980087,0.0,0.0,0.0,0.0,0.0,0.0,0.0005053430251078,2.5488314450823145e-05,0.0,0.0003857165469343,0.00212735191686,0.0,0.0,0.0,0.0,0.0,0.1080324290700875,0.041897711129527,0.0004405808876121,0.0,0.0,0.0004727933566145,0.0060668734030132,0.0,0.0014406947420284,0.0,0.0,6.010085041711607e-05,9.834323972543284e-05,0.0,0.0132820499190125,0.0,0.0,0.0106424126345871,0.0,0.0,0.0,0.0,0.0001412469161122,0.0,0.0,0.0,5.087745258082597e-05,0.0016560263697935,2.9138003057011053e-05,0.0,0.0,0.0,0.0,0.0,7.944023297707914e-05,0.0,0.0,0.0001571746332359,0.0,0.0,0.0,0.0,0.0,0.0,0.0,0.0,0.0,0.0,0.0,0.0,0.0,6.33935042683508e-05,4.451033278416121e-05,0.0,0.0005589577441432,0.0,0.0,0.0,0.0,0.0,0.0,0.0111334147637044,0.0,0.0,0.0,0.0,0.0,0.0,0.0,0.0,0.0,0.0002549426503007,0.0,0.0,0.0,0.0,0.0,0.0,0.0,0.0,0.0,0.0,0.0,0.0,0.0,0.0,0.0,0.0,0.0,0.0,0.0,0.0,0.0013498690674211,0.0,0.0014197487030712,0.0,0.1605541060385294,0.0,0.0
AHCNC2ADXX.N710_CGAGGCTG,0.000266925470455,0.0081675843430319,0.0,0.0120121152445246,0.0151842843396434,0.0,0.0098000737161035,0.0616764916459811,0.0,0.018002749265335,0.0454200827263459,0.0,0.0,0.0055181647696752,0.0,0.0,0.0,0.0011294856350651,0.0278841291498449,0.0,0.0,0.0,0.0,0.0,0.0,0.0,0.0,0.0,0.0303454053560349,0.0,0.0,0.0,0.0,0.0,0.044996017449644,0.0,0.0,0.0,0.0,0.0,0.0,0.0052909765721859,0.0007053310109253,0.0,0.0004045428615406,0.0,0.0,0.0115641048544896,0.0020745358216325,0.0,0.0,0.0,0.0090934471673298,0.2075419691161208,0.0,0.0,0.0,0.0,0.0,0.0008456734988641,0.0,0.0006310162795275,0.0,0.0005292048741439,0.0,0.0,5.278199888579301e-05,0.0,0.0,0.0003147486865423,0.0,0.0,0.0,0.0006036089529795,0.0,0.0,0.0001744061986035,0.0013217836580899,0.0,0.0,0.0,0.0005604318036582,0.0063138930508042,0.0025669295513991,0.0,0.0,0.0127580993396531,0.0,0.0062405834780817,0.0,0.0,0.000213741408099,8.432164443244546e-05,0.0,0.0,0.000109495285035,0.0,0.0,0.0040740421323649,0.0,1.869595136157797e-05,0.0,0.0,0.0102229104655356,0.0,0.0,0.0,0.0,0.0,0.0,7.887145072608342e-05,0.0,0.0,0.0,0.0,0.008130996567249,0.0,0.0,0.0,0.0,0.2403162845689993,0.0,0.0,0.0,0.0,0.0,0.0,0.0,0.0004725809354323,6.975801206954363e-05,4.145721114347517e-05,0.0,0.0019596796903289,0.0,0.0,0.0001164867220436,0.0,0.0004187937778712,0.0002602467494787,0.0003197074693407,0.0001758357576084,0.0,0.1433369673169981,0.0,3.073551860636952e-05,0.0001934148659973,0.0014216740935606,0.0,0.0043415706980252,0.0,0.0,0.0,6.066691027245613e-05,0.0003438759512681,0.0,0.0,0.0,0.0,0.0115424827745398,0.0001159729742762,0.0,0.0,0.0,0.0,0.0,0.0068797750481687,0.0,0.0,0.0,0.0,0.0,7.61240170134501e-05,0.0,0.0,0.0,0.0,0.0,9.877359249808572e-05,0.0,0.0,0.0008190702992564,0.0,0.0,0.0,0.0,0.0,0.0,0.0005903631953242,0.0,0.0129724438429574,0.0,5.249161971291306e-06,0.0,0.0,0.0,0.0,0.0,5.762909738694285e-05,0.0,1.2441630714933013e-05,0.0,2.5285324900007488e-05
AHCT5GADXX.N703-S501_AGGCAGAA-TAGATCGC,0.0,0.0,0.0011974712834535,0.0694525309929807,0.0155051942869538,0.0,0.0010971073218154,0.0181150590132059,8.657144923150305e-05,0.0,0.0032208864166516,0.0,0.0038929031497812,0.0003010918849141,0.0,0.0309623825962596,0.0,0.0069804173105404,0.0013357311772377,0.0010542567978338,0.0582911746667703,0.0,0.007096247633178,0.0001665144580345,0.0,0.0,0.0071289881116577,0.0,0.0010180347142806,0.0021245155882171,0.0001483699392861,0.0,0.0219146283654399,0.0262739326871831,0.000412771063041,0.0016403046672254,0.0042820394706888,0.0,0.0,0.0,0.0,0.0116859404752658,0.0,0.0003429380997399,0.0,0.0,0.0,0.0012724597004212,0.0,0.0021986336039165,0.0,0.0,0.0040117463998864,0.0230628215463146,0.0,0.0,0.0,0.0,0.0072426759080962,0.0,0.0,8.362547570777057e-05,0.0,0.0,0.0001206510065855,0.0002005270614449,0.0,0.0,0.0029124295979281,0.0,0.0,0.0,0.0,2.9325827349882704e-05,0.0,0.0784157893468244,0.0006272914987238,0.0,0.010094913910619,0.0,0.0028612767849251,0.000738167229526,0.0001705316946578,0.0001140895201008,0.0,0.0,0.0016534276401948,0.0,0.0,0.0,0.0,0.0,0.0,0.0,0.0,0.0,4.0038458345273646e-05,0.1369568361315624,0.0,0.0,0.0,0.0,0.0,0.0131336186464054,0.0406923305596546,0.0,0.0,0.0183086898184476,0.0014097822389934,0.0,0.0,0.0,0.0001430805777321,0.0238240878864246,0.0,4.506000412436316e-05,0.0,0.0,0.0,0.0,0.0295003093272199,0.0,0.0,0.0,0.0002439801709199,0.0,0.0,0.0001794365691727,0.0003381174157919,0.0,0.0,0.0,0.0,0.0,0.0,0.0,0.0,0.0,0.0,0.0,0.0,0.0006941115345575,0.0304030493504128,0.0571826851745222,0.0,0.0,0.0,0.0,0.0,0.0,0.0,0.0,0.0,0.0,0.0,0.0,0.0004795241449311,0.0,0.0,0.0,0.0,0.0,0.0067138736605862,0.0,0.0048342086445575,0.0,0.0,0.0,0.0,0.0,0.0009949356036969,0.0,0.0,0.0,0.0,0.0,0.0,0.0,0.0,0.0,0.0,0.0,0.0,0.0,0.0,0.0,0.0,0.0,0.0004367405748933,0.0,0.0,0.0,0.0,0.0,0.0,0.0,0.0,0.0,0.0,0.2019071161329552,0.0,0.0
AS100raw,0.0008714722453891,0.00024819478229,0.0013256193017919,0.0330484278762578,0.0194123409579189,0.0,0.0094428203548973,0.0030461114343894,4.949141238996849e-05,0.0004504263799042,0.0002076522383749,8.429256757021206e-05,0.0003107406372223,0.0020899296490637,0.0,0.0790649850149757,0.0,0.0138907287349064,0.0204417815805087,0.027559018749836,3.874635526058454e-05,0.0,9.051507826603442e-05,0.0,0.1378760826126186,0.0,0.007953266763588,0.0,0.0069103868008872,1.3535564503283668e-05,0.0039001991395871,0.0,0.0037793733777769,0.0003731581929648,0.0022279154274835,0.0001786566215242,0.0001611758569407,0.0,0.0,0.0,0.0,0.0329060157757966,0.0004935990572061,0.0,0.0003026898630745,0.0,0.0,5.228191976386821e-06,0.0,0.0015522598202284,1.1033730305994269e-05,0.0009443461850844,0.0060745496554108,0.0,8.50944375052407e-05,0.0028037221904289,0.0004620695313608,0.0,0.0,0.0040430282124143,0.0,0.000121627631745,0.0,0.0012691355835685,0.0001873809664174,0.0003863088598993,0.0,0.0,0.0,0.0,0.0,3.233139578035531e-05,0.0,0.0,0.0,0.0395484176443974,0.0051506671910682,0.0002237217118729,0.0,0.0,0.0536872128624044,0.0003858918875331,0.0101957441490918,0.0,0.0011488871681115,0.0,0.0023222474066403,9.673758896185676e-05,0.0005112722705741,0.0,0.0001827621955916,0.0,0.0,0.0004610752126414,0.0,0.0,0.0,0.0013396680630535,0.0005986760934922,0.0,0.0,0.0004418944837955,0.0,5.35969864573152e-05,0.0007614877651005,0.0,2.1393889866564472e-05,0.0002719942819616,0.0,0.0,0.0007355713288004,0.0003295043937019,0.0,0.0008972603824996,0.0,0.0058519184866494,0.0,0.0623902280152443,0.0002845355277455,0.0006131418271203,0.3595314398126389,0.0001720171384623,0.0,0.0,0.0,0.0001272727960877,0.0,0.0001294859571084,0.0001096958071118,2.3190078521028648e-05,0.0,0.0004515489978133,0.0,0.0,2.03674963497278e-05,2.1265590676959893e-05,0.0,0.0,0.0001141221291532,0.0,0.0,0.0,0.005612736722429,0.0017426558176016,1.295821815006304e-05,0.0003960275235118,0.0001738454019141,0.0,0.0002707754396604,2.790507373899714e-05,0.0,0.0,0.0,0.0005676597644054,4.926688880816047e-05,2.508249156769628e-05,0.0,0.0,0.0002079729863489,0.0029109161633435,0.0,0.0,0.0,0.0003749543816193,0.0,0.0012211516866564,0.0,0.0,0.0006904100140595,4.317267730194269e-05,0.000254513517378,2.578813711052149e-05,0.0,0.0,0.0,0.0,0.0039762805590226,0.0,0.000629596198187,0.0,0.0,1.8571307695263625e-05,0.0,0.0,0.0,0.0,0.0009966281048483,0.0027798264663651,0.0,0.0,0.0,0.0,0.0,0.0009082941128056,0.0,0.0,0.0,0.0,0.0,0.0001276576936565,2.1971236219785103e-05,0.0
AS101raw,0.000774492229589,1.514052967501223e-05,0.0021174376870467,0.0280795766360007,0.0011773226176012,0.0025323911486439,0.0002989766492917,0.2732155794168893,7.035997612162778e-05,0.0,5.963913213134947e-06,0.0,0.0004931765732944,0.0003093779979313,0.0,0.0161641395294414,0.0,0.0069305996459138,0.0124521182967744,0.0148590365213005,0.0030777519625533,0.0,0.0,0.0,0.0007337033231492,0.0,0.0086017023280277,0.0,0.0,0.0,0.2148594341155154,0.0,0.0,0.0003374225898263,0.0024423644587123,0.0,0.0,0.0,0.0,0.0,0.0,0.0051579506915014,3.754070370767981e-05,0.0003467234544802,0.0,0.0,0.0,0.0029338193070613,0.0,0.0,0.0,0.0,0.0025243150161678,0.0005171919738223,0.0,0.0001930994400168,0.0,0.0,3.391975639970501e-05,0.0005152750017181,0.0,0.000424431823668,0.0,0.0006848560339749,2.200967971514088e-05,0.0,0.0,0.0,0.0,0.0,0.0,0.0,0.0,0.0,0.0001089124151065,0.1000032872521641,0.0001201125021228,6.551429663595561e-05,0.0,0.0,0.0,3.6741965330920654e-05,0.0040757134402179,0.0,0.0001487783349776,0.0,0.0214026385488037,0.0,0.000338949067613,0.0,0.0,0.0,0.0,0.0,0.0,0.0,0.0,0.0018612734147491,2.371365491889372e-05,0.0,0.0,0.0,0.0,0.0,0.0319418139327236,0.0,0.0004135334822607,0.0,0.0,0.0,0.0,0.0335000637570722,0.0,0.1239658645487395,0.0,0.0030676523595228,0.0,0.000364171450577,0.0,0.0,0.0064314591594062,0.0,0.0,0.0,0.0,0.0002559690251386,0.0,2.926932407279621e-05,7.811661324704433e-05,0.0,0.0,0.0,0.0,0.0003510543914564,0.0,0.0,0.0,0.0,2.765409757757216e-05,0.0,1.8779226724692783e-05,1.2105323843327482e-05,0.0101400724416657,0.0063409177269652,0.0,4.24928816435865e-05,0.0,0.0,8.922795155484932e-05,5.253923544904597e-06,0.0002062164991374,0.0027385011493312,0.0,8.79144706686232e-05,1.826448421522577e-05,0.0,0.0,0.0,0.0004979157543298,0.0001516005439088,0.0,0.0,0.0036728653024641,0.0225518988247682,0.0,0.0005942081030836,0.0,0.0,0.0,5.449170703667943e-06,0.0001479795966009,0.0,0.0,0.0,0.0,2.8967578463798308e-05,0.0014676196431989,0.0,0.0052106319248841,0.0,0.0,0.0,0.0,0.0,0.0,0.0,0.0,0.0,0.0,0.0136677803564602,0.0,0.0,0.0,0.0007271536684597,0.0,0.0,0.0,0.0,0.0,2.472539019612197e-05,0.0,0.0
AS103raw,0.0013325338223703,0.0,9.55628709079417e-05,0.0214477623788626,0.1539686079048133,0.0,0.0014121975395946,0.001210854912049,0.0,0.0,0.014196992529525,0.0,0.0,0.0,0.0,0.0030469832307595,0.0,0.0361533598774556,0.0052780151765259,0.001036608025288,0.0017038406421108,0.0,0.0,0.0,0.014877213187385,0.0,0.0210429497722222,0.0,0.0005143152284892,0.0051034883750873,0.0001615387604012,0.0,0.0002045616463371,0.0297290381135183,0.0084099805033828,0.0,0.0010871606160496,0.0,0.0,0.0,0.0,0.0,0.0018115238185556,0.0,0.0,0.0008478615582311,0.0,0.0057667182120214,0.0,0.0006540206440433,0.0,0.0,0.0016492852714605,0.0031829937725701,0.0,0.0064298360830844,0.0,0.0,0.0013189299690424,0.0068727730688041,0.0,0.0,0.0,0.0,0.0,0.0,7.109832809202457e-06,0.0,0.0002537986381142,0.0,0.0,0.0,0.0,0.0,0.0,0.0023382392672594,0.0006733347567927,0.0002986409694542,0.0,0.0,0.0,0.0,0.048593859814027,0.0,0.0,0.0,0.0014036041589946,0.0,0.0003463664219726,0.0,0.0,0.0,0.0,0.0,6.205708400788129e-05,0.0,0.0,0.0036239433640794,0.0,0.0,0.0,9.45831695365949e-05,0.0008699748177559,0.0,0.0,0.0,0.0,0.0,0.0002833296365934,0.0,0.0,0.0,0.0,0.004970388945923,0.0,0.002915479315257,0.0,0.0,0.0,0.0,4.064361117701562e-05,4.590600711453554e-06,0.0,0.0,0.0012940175627425,0.0,0.0,8.047546978920102e-05,0.0,3.392565891635188e-05,0.0,2.961497288242597e-05,0.0,0.0,0.0,2.1805353379404388e-05,0.0,0.0,0.0,0.0,0.0,0.0,0.0010810584760795,0.1256244756498306,0.0,0.0014986631834829,0.0,0.0,0.0003655965603187,0.0,0.0,0.0603631803368224,0.0,0.0002239877249575,0.0,0.0,0.0,0.0,0.0005379120358048,0.3864226601904126,0.0,0.0,0.0,0.0,0.0,0.0018004951802611,0.0,0.0,0.0,0.0,0.0,2.7823518946248987e-05,0.0,0.0,0.0,0.0,0.0,0.0,0.0,0.0012895109364343,0.0,0.0,0.0001429244343455,0.0002600127439553,0.0,0.0,0.0,5.242801910092993e-05,0.0,4.713763169565724e-05,0.0,0.0,0.0,0.0,0.0,0.0,0.0013744650410639,0.0,0.0,0.0,0.0001003774033613,0.0
AS105raw,0.0015237260518902,0.0,0.0650837387439226,0.0603864361580955,0.0364655126836265,0.0,0.0115084481846649,0.0002245144798235,0.0026107878862397,3.918547170009009e-06,0.0,0.0,0.0130554418793367,0.0114186464534061,0.0,0.006946264414467,0.0,0.017333480221326,0.0102152261017959,0.0179174858731298,0.0127709919008299,0.0,2.8769851502086857e-05,2.265854218512981e-05,0.0340657984573838,0.0,0.0073079686519474,0.0,0.0,0.0,8.559893714382371e-05,0.0001309972349269,0.0,0.0069408434191593,0.0,0.0,0.0,0.0,0.0008139411269351,0.0,0.0,0.0012864001561895,0.000963475323345,0.0105749406106615,0.0,0.0,0.0,0.0045891466232639,0.0,0.0,9.229904370394276e-05,0.0003974990491939,0.0004777785077961,0.0162194758372635,3.38862965116323e-05,0.0077214058334132,0.0003209148008763,0.0,0.001320367666114,0.0014260060128786,0.0,0.0172215275317123,0.0,0.0,0.0015661397567511,0.0002971598776178,9.130417939653114e-05,0.0,0.0,0.0,0.0,0.0,0.0,0.0,4.119550366812579e-05,7.613757454680714e-06,0.0011921925972836,5.713363593992408e-05,0.0,4.860622759068168e-05,0.0,0.0002048608339138,0.0030486703049734,0.0,0.0,0.0,0.0159289145494396,1.5633581973611068e-05,0.0002931601170349,0.0,4.139853720025061e-05,0.0,0.0,1.2019585101789287e-05,2.355188972647901e-05,0.0,0.0,0.0810107447781604,0.0,0.0,0.0,0.0,0.0003110067645087,0.0,0.0,0.0,0.0157226527841541,0.0,0.0003625163716088,0.0,0.0,0.0,0.0,6.574225770201642e-05,0.0,0.0043051027118214,0.0,0.0,0.0,0.0,0.2085932602450524,0.0,0.0,0.0,0.0,0.0,0.0,4.359129934719866e-05,0.0,0.0,0.0,0.0,1.4740234432261865e-05,0.0,0.0,0.0,0.0,0.0,0.0,0.0001606604339703,0.0,0.0022528803758101,0.0040266828292186,0.0200619260394321,0.0,0.000147727197974,0.0,0.0,2.235399188694258e-05,1.5024481377236616e-05,0.0086983016732317,0.0962078046577032,0.0,4.921532818705614e-05,0.0,0.0,0.0,0.0,0.0,0.000194648247248,0.0,0.0,0.1526072510421106,0.0,0.0,0.0002903582542916,0.0,0.0,0.0,0.0,0.0002783183658366,0.0,0.0,0.0,0.0,3.648512572283e-05,0.0,0.0,0.0,0.0,0.0,0.0,0.0,0.0,0.0,0.0,0.0003008753912556,0.0006225008094946,8.3588905175788e-05,0.0005868278179002,0.0,0.0,0.0,0.0001502448137722,0.0,0.0,8.147735644168989e-05,0.0,0.0,0.0003067836670405,1.2831719230288568e-05,0.0
AS106raw,0.0,0.0,0.0034445879779993,0.1288630024581023,0.0116191664458844,0.0013363327346556,0.0021756309292263,0.0768899537950106,0.0009705479625894,0.0009881767262791,0.0005017435933992,0.0,0.0,0.0,0.0,0.0124620145421844,0.0,0.0028743578451149,0.0003471417507394,0.0003038184602471,0.0125532252825352,0.0,0.0037834707736952,0.0006539063879321,0.0,0.0,0.00721248265227,0.0,0.0010528960231126,0.0037223255275823,0.011207015610415,0.000766223346728,0.0023108652808188,0.0170132300490632,0.0,0.0005022507222178,0.0167461180556768,0.000167859638914,0.0,0.0,0.0,0.0214631405372044,0.0003111597536193,0.0003583468827285,0.0,0.0,0.0,0.0077809740577769,0.0015821694666576,0.0033625538543636,0.0001360554172984,0.0,0.0022763080741886,0.0008134104758372,7.073239568112716e-05,0.0008097398291511,0.0,0.0,0.0017913963277642,0.0,0.0,0.0,0.0,0.0001051688573544,0.0001939405495783,0.0002344142590906,0.0,0.0,0.0021493326776398,0.0,0.0,1.1712260807561171e-05,0.0,3.2721883287103894e-05,0.0,0.0005828600553634,0.000162764201738,2.139600634123545e-05,0.0011404602657687,0.0,0.0122482959686856,0.0,0.0003030939905065,0.0002056769593772,0.0,0.0,0.0009094993124419,0.0,0.0,0.0,4.274371469975933e-06,0.0,0.0,0.0,1.6300569165162456e-05,0.0,0.0007284060262648,0.0012709131170728,0.0,0.0,0.0,0.0,0.0,0.0,0.0228467569969347,0.0,0.0,0.0,0.0,0.0,0.0,0.0,0.0,0.1613720123864047,0.0,0.0008180953801602,0.0,0.0129541709860156,0.0,0.0,0.005521352936615,0.0,0.0,0.0,0.0109982958781269,0.0,0.0,9.176616715202567e-06,0.0001609288783949,2.282079683122744e-05,0.0010137746571162,1.1301727954512635e-05,0.0,0.0,0.0,2.028515273886884e-06,0.0073701272678407,0.0,9.478479107150018e-05,1.5479503459065387e-05,0.0,0.0,0.002692129556344,0.0996375550334386,0.0,0.0,0.0,0.0,0.0,0.0,0.0004902245245225,0.2181467015967347,0.0,0.0,0.0,0.0,0.0,0.0,0.0,0.0001149733478448,0.0,0.0,0.0,0.0032648228863468,0.0,6.725494092589249e-05,0.0,0.0,0.0,0.0,0.0124733404191302,0.0,0.0,0.0,0.0003618967844578,0.0,0.0027179206791121,0.0,0.0242497650967237,0.0,0.0,0.0,0.0,0.0,0.0,0.0,0.0,0.0,0.0,0.0,0.0,0.0,1.9971215851243488e-05,0.0,0.0,0.0,0.0004415160089579,0.0305256049702682,0.0,0.0,3.965264380621741e-05,0.0
AS108raw,0.0,0.0066221599489494,0.0028109924683962,0.1215887227951505,0.0466257505539423,0.0,0.0232325157413617,0.2061005276762879,4.412954695947866e-05,0.0002231198987287,0.003353220424018,0.0,0.0004453589114589,0.0005133007960566,0.0,0.1588757462276559,0.0,0.0089394016073214,0.0592785412959782,0.0031334819908966,0.0173262603681347,0.0,0.0256502920662774,0.0,2.162433048046571e-05,0.0,0.0,0.0,0.0,0.0204655391572153,0.0005089816130959,0.0,0.0028388114165439,1.5003477652675291e-05,0.0016588504136512,0.0,0.0007617390633243,0.0,0.0,0.0,0.0,3.892947800031279e-06,2.5005796087792152e-05,0.0002067240528847,0.0,0.0,0.0,0.0,0.0,0.0,0.0018583568844834,0.0,0.0120451498971024,0.0,0.0001097697616898,0.0,0.0009114328517226,0.0,0.0,0.0001162769518082,0.0,0.0003035646813703,0.0,0.0063817349027008,0.0,0.0018228372877679,0.0,0.0,0.0,0.0,0.0,0.0002653455953042,0.0,0.0,0.0,0.0571074982976878,0.0004126240511258,4.3930637217871216e-05,0.0,0.0,0.0043653868520262,0.0,0.0011471408955274,0.0,0.0,0.0,0.0433894890579893,0.0,0.0009824720451538,0.0,0.0,0.0,0.0,0.0,0.0,0.0,0.0,0.0,3.2024468398797454e-05,0.0,0.0,0.0009831540214107,0.0,0.0,0.0,0.0,0.000436748961215,0.0,0.0,0.0,0.0,0.0,0.0,0.0891542445875453,0.0,0.0001617988669589,0.0,0.0477714990812786,0.0,0.0,0.0003803154259533,0.0,0.0050395772133659,0.0,0.0044099142184689,0.0,0.0,0.0,1.21050785606812e-05,3.79349292922756e-05,2.415332576661741e-06,0.0,3.2024468398797454e-05,0.0,0.0,0.0,0.0,0.0009941793042312,0.0,0.0,0.0,0.0,0.0029667956274295,4.631755411716047e-05,0.0,0.0,0.0,4.4015884249988685e-05,0.0001458860876302,0.0,0.0,0.0002574460369947,0.0,2.801785788927621e-05,2.492054905567468e-05,0.0,0.0,0.0,0.0002480404477844,0.0001358837691951,0.0,0.0,0.0,0.0,0.0031778956946298,0.0003461029503969,0.0,0.0,0.0,1.960681738701885e-05,0.0,0.0,0.0,0.0,0.0,0.0,0.0,0.0,0.0,0.0,0.0,0.0,0.0,0.0,0.0,0.0,0.0,0.0005489056398043,0.0,0.0,0.0,0.0,0.0,0.0,0.0,0.0,2.9523888790018235e-05,0.0,0.0,0.0,0.0,0.0
AS109raw,0.5506853838416428,0.0025405973436041,0.0335455951397039,0.0168719106001615,0.0328216965490538,0.0003075951349349,0.0025927968729005,0.0241562874017024,0.0014579095832331,0.0034268114766453,0.0034493920105072,7.630266913114367e-05,0.0,0.0025549040940662,0.0,0.0073967049025585,0.0,0.0077737940723685,0.0017931127245818,0.0088216917226801,0.0001468021985166,0.0,0.0012672103672344,0.0003670916815352,0.0,0.0,0.0006970949798445,0.0,6.291522793569452e-06,0.0007074084806796,0.0082289096161846,0.0,0.0001881136586862,0.0006835926249907,0.0005720114627523,0.0,9.31087916619114e-05,0.0,0.0,0.0,5.1596232590186e-05,0.0,0.0009699861899638,0.001849592787651,0.0,0.0,0.0,7.610157022906611e-05,0.0,0.0001199985877111,0.0005866916826039,0.0,0.0004481058106579,0.0,0.0,0.0030511012707353,0.0,0.0,0.0001029051810345,0.0006771861885388,0.0,0.0006465904270085,0.0,0.0,0.0001002908953075,0.0096890887441698,0.0003331921523279,0.0,5.461271612134944e-05,0.0,0.0,0.0,0.0006161095791364,0.0,0.0,0.0068991000335748,0.0,0.0001802995299198,0.000261687128432,0.0,0.0,0.0,0.0030007978168013,5.199843039434114e-06,0.0,0.0,0.0008347040856947,0.0,0.0,0.0,0.0,0.0,0.0,0.0,5.650879148379502e-05,0.0,0.0002982871286101,0.0003004130312892,0.0,0.0002744138160921,0.0,0.0,0.0003539915244856,0.0,9.020722178907796e-05,0.0,0.0012548858773785,0.001688713665989,7.868712754149191e-05,0.0,4.1943485290463005e-06,2.749309275546103e-05,0.0,0.004884893430366,0.0,0.0007833089520066,0.0,0.0001395051812126,0.0,0.0001813912096739,0.025802310643622,0.0,0.0,0.0,0.0,0.0,0.0,0.0,0.0,0.0,0.0,0.0,0.0,0.0,0.0,0.0,0.0,2.1804866668124263e-05,0.0,4.820627966944996e-05,0.0,0.0,5.429670356094184e-05,9.629764568056989e-05,0.0,0.0005739075381147,0.0,0.0,0.0,0.0200971060632669,0.0,0.0137491032066282,0.0,0.0,0.0,0.0,0.0,0.0,4.329372077584093e-05,0.1212148913277338,0.0,0.0,0.0055093917065606,0.0014764106822242,0.0,0.000223909263256,0.0,0.0,0.0,0.0,0.0047363100701453,4.998744137356551e-06,0.0,0.0,0.0,0.0,0.0011044064417953,0.0,0.0003859949783305,0.0,0.0,0.0,0.0,0.0,0.0,0.0,0.0,0.0,1.3502354853779187e-05,0.0,0.0,0.0,0.0,0.0,0.0,0.0,0.0,0.0,0.0,0.0506419033861694,0.0,0.0
AS10raw,0.0016578689918805,0.0,5.092175839862809e-05,0.0104227677786713,0.0002440622353372,0.0,0.0008142509902931,0.0276091808308341,0.0,3.5865394688015603e-06,0.0,0.0,0.0001396974878244,0.0,0.0,0.005130775527017,0.0,7.908141977248588e-05,0.0003122064852444,0.0060749941851896,0.0094013497461901,0.0,0.0,0.0,0.0006823657666583,0.0,0.008802752757818,0.0,0.0,0.0,6.686587940349839e-05,0.0,0.0,0.0158540313946488,0.0989710892959553,0.0,0.0,0.0,0.0,0.0,0.0,0.166226978233967,0.0,0.0,0.0,0.0,0.0,0.0,0.0,0.0,0.0,0.0,0.0028797781316969,0.0,0.0045881072481831,4.5950317550784346e-05,0.0116992207266471,0.0,0.0007462842918447,0.0,0.0,0.0,0.0,0.003830885786473,6.452220014665777e-05,0.0,0.0,0.0,0.0,0.0,0.0,0.0026338338508956,0.0,0.0,0.0,0.0008251881601584,0.0863884080203546,0.0,0.0,0.0,0.0,0.010615766214443,0.0,0.0,0.0,0.0,0.0032463508736419,0.0020994394700443,0.0,0.0,0.0128107993899331,0.0,0.0,0.0,6.594261181747026e-05,0.0,0.0,1.7648615009845305e-05,0.0,0.0,0.0,0.0004287512628347,0.0,0.0,0.0,0.0,0.0,0.0,0.0,0.0,0.0,0.0,0.0,0.0159021478399976,0.0,1.7506573842764042e-05,0.0,0.0,0.0,0.0,0.0,0.0,0.0013622103026009,0.0,0.0,0.0,0.0,6.906751749325775e-05,0.0014295733260892,0.0001304648119641,8.6254498710089e-05,7.531732884483276e-05,0.0,0.0,0.0,0.0,0.0,0.0,0.0008676939794075,0.0,0.0004551709199117,0.0,0.0029635113996913,0.4649978249946308,0.0002203058501429,0.0,0.0,0.0005714316151677,0.0,0.0,0.0,0.0,0.0,0.0,0.0017578659735057,0.0,0.0005598552600506,0.0048935667779913,0.0,7.173078937603121e-05,0.0,0.0,0.0,0.0,0.0,0.0,0.0019094238987813,0.0,0.0005345364220184,0.0012014552117566,0.0,0.0,0.0,0.0,0.0,0.0,0.0,0.0009453549875091,0.0,5.3904622907334326e-05,0.0,5.624830216417496e-05,0.0,0.0,4.751277038867809e-05,0.0030316556495985,0.0,0.0,0.0,0.0,0.0,3.0467830338928096e-05,0.0,0.0,0.0,0.0,0.0,0.0,0.0,0.00010109780067,4.577276609193279e-05,7.936550210664838e-05
AS111raw,0.0050463669015232,2.566345891430665e-05,0.0002706749183686,0.0005088976472084,0.0005356925612251,0.0,0.0,0.1623784389709963,0.0,2.2886250935604128e-05,0.0556952345451139,0.0,0.0,4.0449519912028426e-05,0.0,0.0,0.0,0.0165894975714473,0.0,0.0,0.0,0.0,0.0013883211255756,0.0,0.0,0.0,0.0,0.0,0.0,0.0,0.4618263634541862,0.0,0.0,3.417508707125605e-05,0.0200463500582711,0.0,0.0,0.0,0.0,0.0,0.0,0.0,0.0,0.0,0.0,0.0,0.0,0.0,0.0,0.0,0.0001301430516685,0.0,0.0,0.0,0.0,6.907019102587941e-05,0.0,0.0,0.0,0.0,0.0,0.0,0.0,0.0,0.0,0.0001783841828542,0.0,0.0,0.0,0.0,0.0,0.0,0.0,0.0,0.0,0.0,5.44127044716161e-05,0.0,0.0,0.0,1.2008853019019248e-05,0.0,0.0,0.0,0.0,0.0,0.0486986762001016,0.0,0.0,0.0,0.0,0.0,0.0,0.0,0.0,0.0,0.0,0.0,0.0,0.0,0.0,0.0,0.0,0.0,0.0,0.0,0.0,0.0,0.0,0.0,0.0,0.0,0.0,0.0,0.0,1.2111712573786008e-05,0.0,0.0128069660193431,0.0,0.0,0.1703730692907992,0.0,0.0,0.0,0.0,0.0,0.0,0.0,0.0,0.0,0.0,0.0,0.0,0.0,0.0,1.530035877155557e-05,0.0,0.0,0.0,0.0,0.0,0.0,0.0070244589992427,0.0001444148148925,0.0,0.0,0.0,0.0,0.0010023920760906,1.684325209305697e-05,0.0,0.0001687410995947,0.0,0.0046695666375239,0.0,0.0,0.0,0.0,0.001063670655843,0.0009488279629459,0.0,0.0,8.12847631544322e-05,0.0,0.0,0.0,0.0,0.0,0.0,0.0,0.0,0.0,0.0,0.0,0.0,0.0,0.0,0.0,0.0,0.0067203290106862,0.0,1.0363100142751083e-05,0.0008140562313128,0.0020955319943744,0.0,0.0031189588494149,0.0,0.0,0.0,0.0,0.0,0.0,0.0,0.0,0.0,0.0,0.0153212649760617,0.0,0.0,4.014094124772815e-05,0.0,0.0
AS114raw,0.6518416423564106,0.0,0.0141846593667366,0.0390673291910013,0.0107259976304192,0.0050266344595348,0.0017486800247253,0.0145934102992104,0.0,0.0035474605441327,0.0039724509472966,0.0,0.0,0.0,0.0,0.0,0.0,0.0,0.000681712248327,0.0113475892851281,0.0007926243779332,0.0,0.0,0.000552487524113,0.0,0.0,0.0,0.0,2.2458842443618846e-05,0.0,0.0029538560623152,0.0,0.0006126081177312,0.0055169282661116,0.1427418376792347,0.0,0.000990262191437,0.0,0.0,0.0,0.0,0.0,0.0,0.0110245274745929,0.0,0.0,0.0,0.0,0.0,0.0,0.0,0.0009830062577245,0.0,4.526320554021645e-05,0.0,0.0,0.0,0.0,0.0,0.0,0.0,0.0,0.0,0.0,0.0011419457580946,0.0,0.0,0.0,0.0,0.0,0.0,0.0,0.0,0.0,0.0,0.0039769427157854,0.0009329057630426,7.981527083809159e-05,0.0,0.0,0.0,0.0013119419193602,0.0,0.0,0.0,0.0,0.0,0.0,0.0,0.0,0.0002276981103129,0.0,0.0,0.0001164404600538,0.0,0.0,0.0,0.0052864659905748,0.0,0.0,0.0,0.0,0.0,0.0,0.0,0.0,0.0,0.0,0.0,0.0,0.0,0.000322716289882,0.0,0.0,0.0549726814095722,0.0013900295869334,0.0,0.0,0.0,0.0,0.0038290598763104,0.0,0.0,0.0,0.0,0.0,0.0,0.0,0.0,0.0,0.0,0.0,0.0,0.0,0.0,0.0,0.0,0.0,0.0,0.0,0.0,0.0,0.0001413179470682,0.0,0.0,0.0,0.0,0.0,0.0,0.0027596734553412,0.0,0.0,0.0,0.0,0.0,0.0,0.0,0.0,0.0,0.0,0.0,0.0,0.0,0.0,0.0,0.0,0.0,0.0,0.0,0.0,0.0,0.0,0.0,0.0,0.0,0.0,0.0002021295819925,0.0,0.0003348095127363,0.0,0.0,0.0,0.0,0.0,0.0,0.0,0.0,0.0,0.0,0.0,0.0,0.0,0.0,0.0,0.0,0.0,0.0,0.0,0.0,0.0,0.0,0.0
AS115raw,0.7396253528481708,0.0078740569418257,4.170256133704141e-05,0.0311834134571729,0.0104383585631323,0.0031009026394623,0.0029773283589323,0.0146181458518068,0.0001248370833967,0.0041031171146228,0.0060352656341909,0.0023386207089808,0.0,0.0021112560594993,0.0,0.0,0.0,0.005006201564745,0.0039823089737056,0.0078971782609808,0.0014635584558061,0.0,0.0,0.0,0.0,0.0,0.0002090840746486,8.614119555199975e-05,0.0006239448831046,0.0025032060159447,0.006105531593704,0.0,0.0019264659066677,0.004347589736275,0.0001095932487912,5.375932204082916e-05,0.000847070122962,0.0013064296991028,0.0029612426557488,0.0,6.00733363744836e-05,0.0049414378177226,0.0008344120275598,0.0038909060995422,0.0463275768364431,0.0,0.0,0.0014564025728946,0.0,0.0008849241422291,0.0,0.0,0.0011439490635834,0.0001779650040041,0.0,0.0,0.0,0.0,0.0007236762428414,0.0009848659691103,0.0,0.0003428509783174,7.997751489295615e-06,0.0,5.5924126955224965e-06,0.0,0.0003169033860795,0.0,0.0,3.526828006369833e-05,0.0,0.0,0.0,0.0,0.0,0.0019288411787265,0.000387379812737,0.0005513337182676,0.0013330988929788,0.0,0.0,0.0,0.0022657690102643,0.0,0.0002827776419429,0.0,0.0001855418212045,0.0,6.401207864928708e-05,0.0,0.0,0.0,0.0,1.984404504862822e-06,3.611014864151892e-05,0.0,0.0,2.459458916633012e-05,0.0,0.0,0.0,0.0,0.0,0.0,0.020301450286999,0.0,0.0,0.0104181236505297,2.84431312363671e-05,0.0,0.0,1.9302843820029264e-05,0.0012790389035887,0.0,0.0,0.0003247808706291,0.0,0.0002224938384239,0.0,0.0,0.0155588137205815,0.0,0.0140080918002361,8.208218633750762e-05,0.0,0.0,0.0,0.0,0.0,0.0,0.0,0.0,0.0,0.0,0.0,0.0,0.0,0.0003300726159754,0.0,4.389743298635938e-05,0.0,0.0,3.809455314638173e-05,0.0,0.0,0.0001373749118593,0.0,0.0,0.0,0.0,0.0002307922572625,5.033171425970247e-05,0.0,0.0,0.0,0.0,0.0,0.0,0.0,0.0002683456091802,7.814344406270413e-05,0.0,1.9302843820029264e-05,0.0,0.0,0.0009087971297573,0.0,0.0,0.0,0.0,0.0,3.6531082930429206e-05,0.0,0.0,0.0,0.0,0.0004499486881101,0.0,0.0010415116977036,0.0,0.0,0.0,0.0,0.0,0.0,0.0,0.0009186590188117,0.0,0.0,0.0,0.0,0.0,0.0,0.0,0.0,0.0,0.0,0.0,0.0,0.0,7.66701740515181e-06,0.0
AS116raw,0.0017825263906576,0.0,0.0007802674480732,0.0009020425595295,0.0715374724464393,0.0,0.0203105414350992,0.0002238937352521,0.0129631999798108,0.0034936870495037,0.0196421891506396,0.0,0.0140015063844429,0.0080936856101415,0.0,0.0084216953219683,0.0,0.0075722180149236,0.0198428438448356,0.0633885267427625,6.309098458680935e-06,0.0,0.0220220825420935,0.0,0.0257520912996929,0.0,0.0090126264082564,0.0,0.0008545816530338,0.0,0.0001086496503411,0.0,0.0015031823377961,0.0014342895189482,0.0,0.0,0.0,0.0,0.0,0.0,0.0,0.0026864711909285,0.0,0.0005938478554248,0.0,0.0,0.0,0.0109603941113094,0.0,0.0,0.0013432990034889,0.0,0.0015841860893636,0.0,0.0,0.0,0.0,0.0,0.0,0.0057103681853532,6.537367347638234e-05,0.0,0.0,0.0,0.0,0.0012966306973021,0.0,0.0,0.0069145816866401,0.0008873001937844,0.0,0.0,0.0,0.0,0.0004950264489137,3.585723797370924e-05,0.0,0.0001238675762716,0.001180498900045,2.7836122847848545e-05,0.0122214846107613,0.0,0.0061757830867273,0.0,0.0,0.0,0.0052813494901629,0.0,0.0025546142035433,0.0,0.0,0.0,0.0,0.0,0.0,0.0,0.0,0.0,0.0022237828346169,0.0006639454267421,0.0,0.0,0.0001439679201047,0.0071912308984514,0.0,0.0,0.0255215080178337,0.0,0.0,0.0,0.0,0.0,0.0,0.0,0.0,0.0303937172285531,0.0,0.0,0.0,0.0,0.3523282427997272,0.0,0.0,0.0,0.0008961139092191,2.3143929019281824e-05,0.0,0.0,0.0,0.0,0.0,0.0,0.0,0.0,0.0,0.0,0.0,0.0147872903306661,0.0,0.0009090491462599,0.0,0.0,0.0118840588072652,0.0,0.0,0.0001033233762654,0.0,0.0,0.0,0.0,0.0,0.121624580805586,0.0,0.0013877480288109,0.0,0.0,0.0,0.0,0.0036177448498495,0.0480132855029694,0.0,0.0,0.0,6.55956015628686e-05,0.0,0.0007734827894293,0.0,0.0,0.0,0.0,9.362194848484824e-05,0.0003902763920922,0.0,0.0,0.0024691084822214,0.0,0.0,0.0,0.0,0.0,0.0,0.0,0.0,0.0,0.0,0.0,0.0,0.0,0.0,0.0,0.0,0.0,0.0,0.0,0.0,0.0,0.0007063019872486,0.0,0.0,0.0,0.0,0.0
AS117raw,0.000338422893018,0.0,1.543490848602206e-05,0.0006244577504329,0.138783182429072,0.0,0.0,0.0003880674750264,0.0,0.0067047381686058,0.0,0.0,0.0001935923993261,0.0,0.0,0.0,0.0,0.0120591961900442,9.184605513320698e-06,0.0,0.0,0.0,1.6222160387163833e-06,0.0,0.0,0.0,0.0,0.0,0.0,0.0,0.2575503898471418,0.0,0.0,0.0005546070362952,0.0871142179410987,0.0,0.0,0.0,0.0,0.0,0.0,0.0862898220638939,0.0,0.0,0.0,0.0,0.0,0.0,0.0,0.0,0.0,0.0,0.0,0.0,4.289330055311848e-05,0.0,0.1103979324570313,0.0,0.0,0.0,0.0,0.0,0.0,0.0,0.0,6.035597908753603e-05,0.0,0.0,0.0,0.0,0.0,0.0002121524592985,0.0,0.0,0.0,3.5116206014566416e-05,0.0010801573206029,0.0,0.0,0.0,1.4242102575201188e-05,5.985500060499127e-05,2.719597476671584e-06,0.0,0.0,0.0,0.0110525157135479,1.724797347046978e-05,0.0,0.0,0.0013304795690477,0.0,0.0,0.0,0.0014855920496909,0.0,0.0,0.0,0.0,0.0,0.0,0.0002812874898897,0.0,0.0,0.0,0.0,0.0,0.1416409306863349,0.0,0.0,0.0,0.0,0.0,6.197819512625242e-05,0.0,0.0,0.0,0.0,0.0,0.0,0.1250016937843934,2.624173003805914e-06,3.683384652614847e-05,0.0,0.0,0.0,0.0,0.0,0.0,0.0,3.320771655725302e-05,0.0001335226936572,0.0,0.0,0.0,0.0,0.0,0.0,0.0,0.0,0.0,0.0,0.0121797172992736,7.00415630834015e-05,0.0,0.0,0.0,0.0,0.0,0.0,0.0,0.0001059688771172,0.0,0.0,0.0,0.0,0.0,0.0,0.0011217385346541,0.0009901243304541,0.0,0.0,0.0,0.0,0.0,0.0,0.0,0.0,0.0,0.0,0.0,0.0,0.0,0.0,0.0,0.0,0.0,0.0,4.573217862087215e-05,0.001297558125909,0.0,0.0001535141207226,6.298015209134195e-05,0.0001098097121501,0.0,0.0,0.0,0.0,0.0,0.0001526075882304,0.0,0.0,0.0,0.0,0.0,0.0,0.0,0.0,0.0,0.0,9.993327920857252e-05,0.0
AS119raw,0.0024763804957367,0.0,0.0279885764095647,0.0565911202743584,0.0051470852122847,0.0,0.0134175025645305,0.1384880763947244,0.0,0.0206532946350679,0.0,0.0002687276386893,0.0273528250659464,0.0015055551501608,0.0,0.0013685653278321,0.0,0.0055296262075733,0.0165920218687161,0.0099479359099303,0.0073523110059684,0.0,0.0,0.0,0.0,0.0,0.0010154673963028,0.0,0.0002714531114832,0.0062943103189104,0.4090791029287351,0.0,0.001372305392688,9.101487614775272e-05,0.0015889307449006,0.0,0.0004861686433439,0.0,0.0,0.0,0.0,0.0015539372657435,0.001494872092567,0.0062043896106727,0.0,0.0,0.0,0.0016713713234267,0.0,0.0,0.000360757106899,0.0,0.0010445921566701,0.0028934971969804,0.0,0.0,0.0,0.0,0.0008855399304841,0.0010421849872682,0.0,0.003073617128924,0.0,0.0,0.0002624809346214,0.0,0.0001510946413862,0.0,0.000562780291004,0.0,0.0,0.0,0.0,0.0,0.0,0.0128571493368904,0.0006606585840416,0.0001398147649324,0.0007120645818483,0.0,0.0,0.0,0.0114425095930673,0.0,1.249340813569152e-05,0.0,0.0008666804545085,0.0,0.0,0.0,0.0,0.0,0.0003126932947082,0.0,0.0028491336617215,0.0,0.0004345438119552,0.0075537174772514,1.985417407550977e-05,0.0,0.0,0.0,0.0,0.0054463699766054,0.0,0.0,0.0,0.0,0.0001386012332505,0.0,0.0001367908827085,0.0011129478101005,0.0,0.0037802307651845,9.716211040560098e-05,0.000118647589365,0.0,0.0064499407836326,0.0,0.0,0.0089693519191744,0.0,0.0,0.0,0.0,0.0,0.0,0.0003228591092899,0.0,0.0,0.0,0.0,0.0001033292386254,0.0,0.0,0.0,0.0,0.0,0.0,0.0005127668705373,0.0,0.0,8.719523544384704e-05,0.0,0.0,0.000155630464722,0.0,0.0,4.25332907549498e-05,0.0042120689983079,0.0,0.1514201264985431,0.0,0.0005001739925915,0.0,0.0,0.0,2.813006226730544e-05,0.0,0.0003939203415521,0.0,0.0,0.0,0.0,0.0,0.0009767537462517,0.0,0.0003641987623249,0.0,0.0,2.057035670749209e-05,0.0,0.0,0.0,0.0,0.0,0.0,0.0,0.0,0.0,0.0,0.0,0.0,0.0,0.0,0.0,0.0,0.0,0.0,0.0,6.501346781439473e-05,0.0,0.0,0.0,0.0,0.0,0.0005886822295273,0.0,0.0,0.0,1.5218880929624228e-05,0.0
AS120raw,0.0009787870707207,0.0218294598221236,0.0231649325913124,0.2572189743665809,0.1217793961277043,8.363875171605116e-05,0.0020663706563716,0.151234125648554,0.0053046250271005,0.079684505878001,0.0048164524954147,0.0,0.0,0.0030151668243329,0.0,0.0029452898015336,3.2560097991650083e-06,0.006652028019694,0.0064286352223794,0.0151207314442863,0.0023452428081547,0.0,0.0229605162261085,0.0060887891995916,0.0081174359299307,0.0,0.0075928622261933,0.0,0.0007642719876242,0.0054566908597521,0.0002744714510389,0.0,0.0026098190419135,0.0001029204347454,0.0,0.0026400134452854,0.0009114538055771,0.0,0.0,0.0,0.0,0.004391237965705,0.0,0.0031225642725522,0.0,0.0,0.0,0.0018913601296664,0.0,0.0008864741053991,0.002494866633457,0.0,0.0023825851705389,0.0032348711730469,0.0,0.0,0.0,0.0,0.0027386603671694,0.0003017150955303,0.0141719352763248,0.004108804553204,0.0,0.0,0.0222885572038059,0.0016933794713312,0.0,0.0,0.0016720627821773,0.0,0.0,0.0,4.354913106383198e-05,8.750526335255959e-05,0.0,0.0491496968565845,0.0,1.907818241698247e-05,0.0013602489687542,0.0,3.0499654290615977e-05,0.0,0.0033691052645328,0.0002783634002519,0.0,0.0,0.0047225115251935,0.0,0.0,0.0,0.0,0.0,0.0,0.0015653775861016,0.002432646321201,0.0,0.000169109008944,0.0255280325782095,0.0,0.0,0.0,7.842404852207594e-05,0.0,0.0,0.0157367023605892,0.0,0.0,2.3351695278386548e-05,0.0002108266344958,0.0012924323896559,0.0,0.0,0.0,0.0008102631260375,0.0,0.0004416472041647,0.0,0.0090122535604402,0.0,0.000451542421445,0.0128986065066623,0.0,0.0,0.0,0.0,3.5790670214259106e-05,0.0,1.867118119208685e-05,0.0,0.0,0.0,0.0002207218517761,0.0,0.0,1.172672279230522e-05,0.0,0.0,0.0055737037119095,0.0,8.852276641479867e-05,0.0,0.0,0.0,0.0027929187179633,0.0,2.0350061244781304e-06,0.0,0.0,0.0,0.0,0.0,0.0010496561590057,0.0,0.0,0.0,0.0,0.0,0.0,0.0,0.0012244886226749,0.0,0.0,0.0,0.0,0.0,4.171762555180167e-05,0.0,0.0,0.0,0.0,0.0309329070945172,0.0,0.0,0.0,0.0,0.0,0.0003529209371375,0.0,0.0001231178705309,0.0,0.0,0.0,0.0,0.0,0.0,0.0,0.0,0.0,0.0,0.0,0.0,0.0,0.0001588067904389,0.0,0.0,0.0,0.0,6.201681164347102e-05,0.0,0.0,2.856639847236176e-05,0.0
AS121raw,0.0,0.0058384631316823,0.1503100725739496,0.0523313714692284,0.0754691580172653,0.000206390450949,0.0188019432787687,0.0365546015831993,4.94804408062244e-05,0.0,0.0,3.745365578267617e-05,0.0003368332110054,0.0069396422268661,0.0,0.0142368004057645,0.0010244407160023,0.0009729419393011,0.0066902424945265,0.0013481443398973,0.0029759842581451,0.0,0.0140580840449214,0.0,0.0057792863555457,0.0025848224386682,0.0011016784772608,0.0,0.0008548172704798,0.0081543891294176,0.0543318960701004,0.0,0.0014949626705654,0.0078231115440198,1.0799137417338294e-05,0.0,0.0,3.826515165796746e-05,0.0006394379421429,0.0,0.0,0.0041864031826951,0.0019146933063699,0.0043763140250997,0.0,5.836528026133703e-05,2.424083832600985e-05,0.0040596849806303,0.0,0.0,0.0024473050991861,0.0016583230325376,0.0023062504699912,0.0002284881078608,0.0003998385830665,0.0079461884184389,0.0,0.0,0.0006658011542966,0.0039609321748833,0.0,0.0051693327635383,0.0,0.0001305467979891,0.0005770359900917,0.0009048803237094,0.0,0.0,0.0008554206904896,0.0,0.0,0.0002772610907244,0.0025018209759364,0.0007506128770578,3.695427370557381e-05,0.0071348173886669,0.0005044383206329,0.0003106780747172,0.0,1.090317535006795e-05,0.0,0.0002067857950933,0.0005031274426806,0.00212378874357,5.926000648281206e-05,0.0,0.0034209544964299,0.0001043084313547,0.0001506469265924,0.0,0.0002914934799218,0.0,0.0002168774745681,3.0399883943605485e-05,0.0001039963175565,0.0,0.0,0.0281149612498235,2.555171627840352e-05,0.0,3.988814340855011e-05,0.0001906391079337,0.000617028171433,0.0,0.0155988858286477,0.0,0.0003129044864776,0.0,0.0,0.0,8.572725656923655e-06,0.0,0.0,0.0112200332779892,0.0,0.0033908667262845,0.0,0.0001262188199875,0.0,0.0,0.0058478473532146,0.0,0.0,0.0,0.0,0.0,0.0001667103834059,0.0001482332465531,0.0002789881204078,1.82690609873276e-05,0.0011027812793477,0.000140035057454,0.0,0.0,0.0,0.000101769905796,0.0,0.0017039540698327,0.0001140879970312,0.0,4.30092813904398e-05,0.0028123117823748,5.7158440241673016e-05,0.0022263701452414,0.0001186448584848,0.0001545795604496,1.3524931254855285e-05,0.0,1.0611869138424912e-05,0.0,0.0040222313248476,0.0712886017663896,0.0,0.0001688119496471,0.0,0.0,0.0001155029129163,0.0004321527649723,0.0,0.3062441236774667,0.0011339926591666,9.117884424427056e-05,0.0,0.0038242263312766,0.0020445326464165,0.0001144001108294,0.0,0.0,0.0,0.0,0.0,0.0,0.0,0.0,0.0,0.0,0.0,0.0,0.0,0.0,0.0,0.0,0.0,0.0,0.0,0.0,0.0,7.915205922072228e-05,0.0,0.0,0.0,5.950969752136324e-06,0.0009360917035283,0.0,0.0,0.0,0.0,0.0,0.0031541804293245,0.0,3.2709526050203846e-05,3.037907635705956e-06
AS122raw,0.0,0.0,0.0699489866776667,0.0527225185274242,0.0119172626847426,0.0006052151264962,0.0089898472728478,0.0054643356807639,0.0,0.0068283886074496,0.0,0.0009376908571183,0.0,0.0034302014638772,0.0,0.0028705894699016,0.0,0.0053954494062033,0.0,0.0166555077183301,0.0073687375702412,0.0,0.0019228692737211,0.0,0.0,0.0,0.0010765521862629,0.0,0.0007936787609398,0.0,0.0389692377139078,0.0,0.0003012570572574,0.0,0.0044376789328833,0.0,0.0017006534585505,2.208967162959829e-05,0.0,0.0,0.0,0.003330096515952,0.0013658536013397,0.0005442643832603,0.0,0.0,0.0,0.0,0.0,0.0,0.0008884863752893,0.0002464202326148,0.0009583776775638,0.0,0.0,0.0032527721962097,0.0,0.0,7.430923660042114e-05,0.0003253567843149,0.0,0.0003917304895905,0.0,0.0001110555623917,0.0001783296049945,0.0168741012461149,0.000471860511701,0.0,0.0,0.0,0.0,0.0,0.0,0.0,0.0,0.0188030006861197,0.0001606578676908,0.0001530364075266,0.0,0.0,0.0,3.2328391465497394e-05,0.0048943802765656,0.0,2.1691848159491777e-05,0.0,0.0011759661776348,0.0,0.0001216083533883,0.0,4.579157521699663e-05,0.0,0.0,0.0,0.0,0.0,0.0,0.0,0.0,0.0,0.0,0.0002947243771167,0.0001522407605864,0.0,0.0200326939702963,0.0,0.0,0.0,0.0,0.0,0.0,0.0,0.004247498376095,0.0,0.0,0.0,0.0,0.0001140706455335,0.0,0.0,0.1372785151854561,0.0,0.0,0.0,0.0,0.0,0.0,0.0,3.454782766714424e-05,0.0,0.0001826637870109,0.0,0.0,0.0,0.0,0.0,0.0,0.0,0.0,0.0001403898087927,0.0,7.035193997673008e-06,0.0001008168425558,0.0,0.0,7.049850651834826e-05,0.0,0.0,0.0,0.0,0.0,0.0,0.0,4.428403364606671e-05,0.0,0.0,0.0,0.0,0.0,0.5320129488608207,0.0,0.0,0.0,0.0,0.0,0.0008878791710455,0.0,0.0,0.0,0.0,0.0,0.0,0.0,0.0,0.0,0.0,0.0034987946053545,0.0,0.0040216602735387,0.0,0.0,0.0,0.0,0.0,0.0,0.0,0.0,0.0,6.486616370473506e-05,0.0,0.0,0.0,0.0,0.0,0.0,0.0,3.364749034006109e-05,0.0,0.0,0.0,0.0,0.0
AS126raw,0.0,0.0,0.0,0.0041736461421951,0.1777533830400352,0.0,0.017805003080596,0.0008279102006238,0.0,0.0,1.5723875903320664e-05,0.0,5.71594978628366e-05,0.0,0.0,0.0061392910778234,0.0,0.0712636541004018,0.0440697121247128,0.0011337435981361,0.0,0.0,0.0026946391210031,0.0,0.0,0.0,0.0,0.0,0.0,0.0,0.2231311451474198,0.0,0.000227855808849,0.0,0.0550330642625182,0.0,0.0,0.0,0.0,0.0,0.0,0.0020240077913408,0.0,0.0,0.0,0.0,0.0,0.0,0.0,0.0,0.0013417640584285,0.0,0.0,0.0,0.0,0.0046593815382442,0.0018289835958257,0.0,0.0,2.462872399142573e-05,0.0,0.0,0.0,0.0,0.0,0.02039031714095,0.0,0.0,0.0,0.0,0.0,4.935772780366346e-05,0.0,0.0,5.615669965471665e-05,0.0170765102943252,0.0,7.609232803214107e-05,0.0,0.0,0.0,0.0,0.0215346703441281,0.0,0.0,0.0,0.0014921236217541,0.0,0.0014823162552786,0.0,0.0001122131194886,0.0,0.0,0.0,0.0,0.0,0.0,0.0021924979462692,0.0023073183410989,0.0,0.0,4.4744856046311735e-05,0.0,0.0,0.0005971462769712,0.0,0.0,0.0,0.0,0.0,0.0,0.0,0.0,0.0088283145288613,0.0,0.0,0.0,2.553124237873368e-05,0.0,0.0,0.3019949667552344,0.0,0.0,0.0,0.0,0.0,0.0,0.0,0.0,0.0,0.0,0.0,0.0,0.0003892260964996,0.0,0.0,0.0,0.0,0.0,0.0,0.0,0.0,0.0012925066104456,0.0019299052074909,0.0,0.0,0.0,0.0,0.0002972293888867,0.0,0.0,0.0001767933240915,0.0,0.0003286570847292,0.0,0.0,0.0,0.0,2.813851771984552e-05,0.0001029071521171,0.0,0.0,0.0,0.0,0.0,0.0005724172731589,0.0,0.0,0.0,0.0,0.0,0.0,0.0,0.0,0.0,3.233021422978687e-05,0.0001554738341868,0.0,0.0011198247590074,0.000134254624103,0.0,0.0,0.0,0.0,0.0,0.0,0.0,0.0,0.0,0.0001401510775668,1.3016320741396825e-05,0.0,0.0,0.0008221942508374,0.0,0.0,0.0,0.0,0.0,0.0,0.0,0.0
AS127raw,0.0001867929569035,0.0,0.0,0.1666241826427508,0.0091998489772499,0.0,0.0043261911522306,0.1268164812977336,0.0,0.0,0.0,0.0,0.000834822246502,0.0,0.0,0.0359347520078271,0.0,0.0006401399629658,0.0040967958315112,0.0,0.0275541833036129,0.0,0.0,0.0,0.0733309491788251,0.0,0.0107369001873162,0.0,0.001738676101039,0.0,3.834212743424203e-05,0.0,0.0024456123628272,0.0076121745879581,0.077210551848142,0.0,0.0028223540072873,0.0,0.0,0.0,0.0,0.0224856065152583,0.0,0.0,0.0,0.0,0.0,0.0072015351367333,0.0,0.0,0.0,0.0,0.0048923555291385,0.0081181959981705,0.0001709617081274,0.0,0.0031341138980508,0.0,0.0025842804272722,0.0001220215852501,0.0,0.0,0.0,0.0019412214134522,0.0003203329590373,0.0,0.0,0.0,0.0073806491490479,0.0,0.0,0.0008428956574226,0.0,0.0,0.0,0.0770453493484562,0.0008767934641872,0.0001215219278968,0.0050172961652428,0.0,0.0,0.0007303675618868,0.0020810991746474,0.0,0.0,0.0,0.0023143339676614,8.891271114895222e-05,1.141322586177026e-05,0.0,0.0013325598637502,0.0,0.0,0.0,1.0992461774700393e-05,0.0,0.0,0.1095692824754733,0.0,0.0,0.0,0.0003457628885495,0.0,0.0,0.0,0.0,0.0,0.0,0.0,0.0,0.0,0.0,0.0,3.936773989647484e-05,0.0,0.0088177688884351,0.0,0.124216948172305,0.0,0.0,0.0001328036649814,0.0,0.0,0.0,0.0,0.0,0.0,0.0,0.0,0.0,6.792710230634235e-05,0.0,4.67311114201976e-05,0.0,0.0,6.216789386457351e-05,0.0,0.0,0.0004294160486102,0.0,0.0,0.0,0.0018052883155732,0.0311326240776095,0.0,0.0001077944995561,0.0,0.0,0.0,0.0,0.0,2.653443524084377e-05,0.0,0.0,0.0,0.0,0.0,0.0,0.0,0.0005278222494736,0.0,0.0,0.0,0.0,0.0,0.0006712239098981,0.0,0.0,0.0001016145270273,3.421337982986891e-05,0.0,0.0,0.0,0.0,0.0,0.0,0.001763501182176,0.0,0.0178986468200661,0.000633065866752,0.0,0.0,3.702723966214869e-05,0.0002574550257758,0.0,0.0001550252683297,0.0,0.0,0.0,0.0001371427946293,0.0,0.0,0.0,0.0,0.0,0.0,0.0,0.0,0.0,0.0,8.283792964188094e-06,0.0
AS128raw,0.0003681328238831,0.0162318382128557,0.0532252987320735,0.0414996109565833,0.1807779394081196,0.000415856090944,0.0048272439263593,0.0636623569736349,0.0059605955265921,0.0167342497196954,0.0068243511972447,0.0008973950011498,0.0015224583440344,0.0062668958160297,0.0,0.0143627529121008,0.0,0.0020095700348949,0.003635808753212,0.0058503304620931,0.0010384876749975,0.0,0.0030425862525225,0.0026104171127529,0.0036017641295763,0.0027419600670242,0.0117250798357822,0.0,0.0016213752006548,0.0017100584055276,0.0862227208903971,0.0,0.008666484504288,0.0084071222264555,0.0063098822195341,0.0186868760686281,0.0116614234822132,0.0,0.0001390662081551,0.0,0.0006911514552847,0.0249197019302009,0.0002653403516256,0.0051202708655102,0.0248528032315238,0.0003941729080332,0.0,0.003709090818821,0.0,0.001263906652479,0.0001981376830946,0.0,0.0010824619805271,0.0012824488135663,0.0,0.0001591282185119,0.0,0.0,0.0008003019636527,0.0014159422410668,0.0,0.002044627891377,0.0,0.000596363522513,0.000854839221605,0.0011256510306008,0.0011085273954983,0.0,0.0026826606146944,0.0,0.0,0.0,0.0024935407039318,0.0,0.0,0.0041073166582394,0.0017643930169105,0.0003898160067941,0.000133594750785,0.0002921150295892,0.0,8.544085976454705e-05,0.0029561321599117,0.0,0.0002414280564529,0.0,0.0017883053120834,0.0,7.599246347276642e-06,0.0,0.0002401108537526,0.0,0.0,0.0004491154591239,2.0467303495331767e-05,0.0,1.6211725540856842e-06,1.3273350286576536e-05,0.0,0.0003718817854145,0.0,0.0001765558234683,0.0,0.0,0.0605946172157026,0.0,0.0040352504720461,7.581514772466332e-05,0.0,0.0,0.0027486474038098,0.001565622063287,0.0,0.0423849484868622,0.0,0.0002871501886424,0.0,0.0030405597868299,0.0286841405932514,0.0009534521083715,0.0002273441198892,6.882384108516879e-05,0.0086550349731247,0.0002484193630924,3.242345108171368e-05,9.273613625793262e-05,0.0,0.0001073266892446,0.0,0.0,2.3810971888133483e-05,1.2057470871012278e-05,2.948507582743337e-05,0.0,0.0003368999213958,0.0,0.0010069761334775,0.0,0.0,0.0001050975769828,0.0,0.0,0.000131973578231,0.119517096265151,0.0,0.0002583490449861,0.0,0.0,0.0,0.007626173010167,0.0,0.0,0.0,1.7326281671790746e-05,0.0,0.0,0.0,0.0,0.0,0.0004933937345074,0.0,0.000318763053447,0.0,0.0037947343251548,0.0,0.0004572213218944,0.0,0.0,1.6110402256226487e-05,1.9454070649028203e-05,0.027516947015952,0.0,0.0,0.0,4.9167123866879887e-05,0.0,0.0,0.0,3.850284815953499e-05,0.0,0.0,0.0,0.0,0.0,0.0,0.0005222962014483,0.0,0.0,0.0,0.0,0.0,0.0,6.889983354864156e-06,0.0,0.0,0.0,0.0004797150910823,0.0,0.0,4.177052408886396e-05,1.9251424079767497e-05,0.0
AS12raw,0.645503324883767,0.0014990750362744,0.0027615342136102,0.0481596843242541,0.005154001972259,0.0012823160525978,0.0022745407764266,0.0035702852194896,0.000337971635906,0.0045920571641819,0.0,7.32371082808744e-05,0.0003542571307252,0.0017555477704752,0.0,0.0020001159031999,0.0,0.0003536619006514,0.0007293235048307,0.0054439980642165,0.0012384118823541,0.0,0.0008428934029126,0.0008625598045511,0.0013065538212032,0.0,0.0060847037156593,0.0,0.00140669532882,0.0,0.0040884449033376,0.0,0.0028714374944374,0.0083213402409862,0.0002590203189166,0.0,0.0001630692310193,0.0,0.003657688803527,0.0,2.5166327520443508e-05,0.0009369159453707,0.0009087972766842,0.0001116413526426,0.0,0.0,0.0,0.0002185922923038,0.0,0.0001956640298609,0.0002027115539347,0.0,0.0008319887879605,0.0029428412940911,0.0,0.0,0.0,0.0,0.0009728678418285,7.966559307796024e-05,0.0039418754499641,0.0004530653229767,0.0006725861741957,0.0,0.0011662938066119,0.0015626217989538,6.009442825127665e-05,0.0,0.0011356275532096,0.0,0.0,0.0,0.0,0.0001387362256022,0.0,0.0118357214519442,0.0001757119177869,0.0003785187085334,0.0019085457086458,0.0001130699048198,0.0,0.0,0.0005857063926233,0.0005045170105563,0.0,0.0,0.001164770017623,0.0,0.0,0.0,0.0,0.0,0.0,0.0008526789853259,2.964245767545144e-05,0.0,0.0,0.0028422950300241,0.0,0.0,1.059509531371557e-05,0.0,0.0,0.0,0.0087731912946124,0.0,0.0001259983020227,0.0,0.0001095937611887,0.0,0.0,0.0,0.0,0.010956161876485,0.0,0.0002178780162152,0.0,0.0,0.0,0.0,0.0001006415008788,0.0,0.0,0.0,0.0,0.0,0.0,2.271397961637001e-05,0.0,0.0,0.0,0.0,0.0,0.0,0.0,0.0,0.0,0.0,0.0,0.0,0.0,0.0,0.0,0.0049351239695198,0.0,0.0,0.0,0.0,0.0,0.0058039694036503,0.0,1.6809297284231897e-05,0.0,0.0,0.0,0.0,0.0,0.0,0.0,0.0221654393895548,0.0,0.0,0.0,8.142747409642082e-06,0.001397219266045,0.0,0.0,0.0,0.0,0.0,0.0,0.0,0.0,0.0,0.0,0.0,0.0,0.0,0.0,0.0,0.0,0.0,0.0,0.0,0.0,0.0,0.0,0.0,0.0,0.0,0.0,0.0,0.0,0.0,0.0,0.0,0.0001140937005467,0.0,0.0,0.1513186512772237,2.709487295956927e-05,0.0
AS130raw,0.0,0.0,0.0,0.0170197155496287,0.0015583438598822,0.0,0.0450640385583864,0.3409099151654142,0.0,0.0004416785980098,0.0006578912486855,0.0,0.0865349554973887,0.0,0.0,0.0009469408510528,0.0,0.0771932182891186,0.0004106528386261,0.0112727328954473,0.0,0.0,0.0294676171206792,0.0,7.985252301414852e-05,0.0,0.0087174118396192,0.0,0.0,0.0,0.0002610679558275,0.0,0.0022613928090353,0.0018820681251084,0.0347174417162764,0.0,0.0,0.0,0.0,0.0,0.0,0.0217217207914297,0.0,0.0,0.0,0.0,0.0,0.0,0.0,0.0,0.0019762743457711,0.0,0.0025269160558465,0.0,0.0006419046163325,0.0024866974788676,0.002487503866376,0.0,0.0,0.000152104843762,0.0,0.0,0.0,0.0,0.0,0.0018170934516233,0.0,0.0,0.0034015037877129,0.0,0.0,0.0005091127533954,0.0,0.0,0.0,6.15475265746517e-05,0.0001452505499411,0.0,0.0,0.0,0.0,9.763336757321922e-05,0.018369749356417,0.0,0.0,0.0,0.0001799050531123,0.0004265185128528,0.0001519032468849,0.0,0.0047091820906253,0.0,0.0,0.0,0.0,0.0,0.0,0.0004606891835191,0.0006449487291765,0.0,0.0,0.0002370174483911,0.000139787274572,0.0,0.0,0.0,0.0,0.0,0.0,0.0,0.0,0.0,0.0,0.0125379548960452,0.0,4.709303048751602e-05,0.0,0.0077023312441109,0.0,0.0,0.0002577416073556,0.0,0.0,0.0,0.0,0.0,0.0,3.951298790904597e-05,0.0,0.0,0.0,0.0,0.0,0.0,0.0,0.0,0.0,0.0,0.0,0.0,0.0,0.0,0.0117920464508234,0.030710421548545,0.0,0.0,0.0,0.0,0.0001852675300428,2.1167672094131773e-06,1.7276852366353265e-05,0.2123852331658398,0.0,0.0002463110644248,0.0,0.0,0.0,0.0,0.0002645152624257,0.0001579713128853,0.0,0.0,0.0,0.0,0.0,0.0,0.0,0.0,0.0,0.0,0.0,0.0,0.0,0.0,0.0,0.0,1.2841721070439938e-05,0.0,0.0,0.0002799777428983,0.0,0.0,5.590281401621657e-05,0.0,0.0,0.0,0.0,0.0,0.0,0.0004425051452058,0.0,0.0,0.0,6.94299644687522e-05,4.902836050755093e-05,0.0,2.6207594021306e-06,0.0,0.0,0.0,0.0,0.0
AS131raw,0.0004298360040558,0.0101238261115026,0.1072592406721547,0.0957730097235377,0.0915874850224925,0.0032781433361662,0.0024595393254989,0.1043600162519036,3.876385237333512e-05,0.0051171899478011,0.0,0.0,0.0,0.0061082885835981,0.0,0.0146606651669242,0.0,0.0120645713614736,0.0100554472180678,0.0118362351028549,0.0057709346375938,0.0,0.0005519331031687,0.0004176827682884,0.0007102640130083,0.0,0.0112622319042498,0.0,0.0020655531079911,0.0008528499315283,0.0916089677868323,0.0,0.0011365986201423,4.2468556213210974e-05,0.0004788329713039,0.0019574164172504,0.0032550567061396,0.0,0.0,0.0,0.0007855779313141,0.0251460387476781,0.0,0.0103699178409636,0.0,0.0,4.427572881802846e-06,0.0013355909135902,0.0,0.0007153015066442,9.388261682026852e-05,0.0033368764458227,0.0039892205768467,0.0,0.0,0.0061820889948473,0.0,0.0,0.0014644197306562,0.0,0.0,0.0,0.0017574075892122,1.5270608510707773e-05,0.0005953956043146,0.0017686572386772,0.000745413520172,0.0,0.0012148040146158,0.0,0.0,0.0,0.0,6.065323054918695e-05,0.0,0.0068637319117269,0.0004635849524507,0.0004051455083424,0.0024268069116941,2.107615050368396e-05,0.0,0.0,0.0031948100894265,0.0002147598744249,0.0,0.0,0.0022571134041018,0.0,0.0,0.0,0.0,0.0,0.0,4.63765669711288e-05,3.223544133843194e-05,0.0,0.0,0.0002141725433283,0.0,0.0,1.6354912073598264e-05,0.0,0.0,0.0,0.0,0.0,0.0,0.0,0.0003715095082353,0.0,0.0,0.0,0.0,0.0105602808852236,0.0,0.0,0.0,0.0,0.0,0.0,0.0105383011484174,0.0,0.0,0.0004554300860714,0.0,1.4367022208299029e-05,0.0,2.5910337221570733e-05,0.0,9.849090696255304e-06,0.0,0.0024381469197894,3.083488256969839e-05,0.0,0.0,0.0,0.0,0.0,0.0,0.0,0.0,0.0,0.0001250111649382,0.0,0.0,1.565463268923149e-05,0.0,0.0,0.0,0.0,0.0041884387668703,3.36360001071655e-05,0.0,0.0,0.0,0.0,0.0,5.651932321566694e-05,0.0,0.2793935833535561,0.0,0.0,0.0,0.0009081720028934,0.0,0.0,0.0,0.0,0.0,0.0,0.0,0.0,0.0,0.0,0.0,0.0,0.0,0.0,0.0,0.017252941320247,0.0,0.0,0.0008094777890128,0.0013224437328902,0.0,0.0001615612308706,0.0,0.0,0.0,0.0,0.0,0.0,0.0,0.0,0.0,0.0,0.0,0.0,0.0,0.0,0.0002877696476596,0.0
AS132raw,0.3540960104086071,3.16744619042814e-05,0.0922347768543136,0.0600983658041434,0.0600064829458148,0.00503406350595,0.0125513644469866,0.0688810973899977,0.0001619839160132,0.0224656504817344,0.0166771650010654,0.0026804849871574,0.0028099868770819,0.0044121717868478,0.0,0.0246540596924526,0.0004762609778256,0.0083446055834089,0.0033563489125922,0.0057857263030383,0.004542974752403,0.0,0.0051644626894129,0.0049756945612794,2.5438271812645267e-05,0.0,0.0088547842569848,0.0,0.0006250546788249,0.0,0.0001201924694639,0.0,0.003773837163655,0.0050479491234563,0.001576836367307,0.0020432719808875,0.0038780802404746,0.0,0.0037484886211962,0.0,0.0004853460749015,0.0026799914757113,0.0028271476160031,0.0047480960552732,0.0,0.000387944861312,0.0,0.00725578473928,0.0,8.800206377513878e-05,0.0016000314052737,0.0044594815886581,0.003298092129614,0.0,0.0,0.0114678376347342,0.0,0.0,0.0031620624291978,0.0003066052020592,0.0,0.0012985407763831,0.0,0.0,0.0037170160503381,0.0053730610047444,9.811904842020318e-05,0.0,0.0020694505198693,0.0,0.0,0.0,0.0013457608488396,0.0010149511535829,0.0,0.0003347129221485,0.0004219747187544,0.0018549300671848,0.0043925434906961,0.0013749901858518,0.0,5.222248393283791e-05,0.0018650470518299,0.0027765626927778,0.0,0.0,0.0055915519813362,0.0,2.727772356629333e-05,0.0,0.0,0.0,0.0003391993898403,5.630516953239824e-06,1.07226577834607e-05,0.0,0.0,5.406193568648596e-06,0.0,0.0,8.553450654463528e-05,5.446571777875018e-05,0.000108325762419,0.0,0.0183284991643953,0.0,0.0006298551992551,0.0063092073533204,0.0,0.0118278766670031,0.0006777931065423,0.0,0.0,0.0005200937671747,0.0,0.0003535112217772,0.0,4.3944951041421584e-05,0.0006034972015657,0.0,3.4859853965476843e-05,0.0009396233610371,0.0,0.0,0.0,0.0,0.0,1.552317821371298e-05,0.0,0.0,4.158955550321369e-05,0.0,0.0,0.0,0.0,3.2504458427268943e-05,0.0,0.0008144284800968,0.0,0.0001359175387237,0.0,0.0,6.841863230032455e-06,0.0133528046031158,0.0,0.0002025640162858,0.0,0.0,0.0,0.0,0.0019586572002197,2.0548022028556493e-05,0.0006670480164204,0.0,0.0,0.0,0.0,0.0,0.0,0.0005022151934227,0.0,0.0,1.256210953710877e-05,0.0,0.0,6.429108202384595e-05,0.0,0.0,0.0,0.0,0.060475588007672,0.0,0.0,0.0,0.0,0.0002625480893255,0.0012409120988816,0.0,0.013759861816795,0.0,0.0,0.0,0.0,0.0,0.0,2.187152999764473e-05,0.0,0.0,0.0,0.0,0.0,0.0,3.3648507688684213e-06,0.0,0.0,0.0,0.0,0.0,0.0,0.0,1.983018719786456e-05,0.0
AS133raw,0.018687743183003,0.0482067514031104,0.0550946455571357,0.1269784894652557,0.0344843371162436,0.0,0.0098245658144007,0.0454913851112979,0.0007564211995008,0.001227919937783,0.0109039400524664,0.0035209288383349,0.0016053474928134,0.0054732921223245,0.0,0.004068171280747,9.06638805512269e-05,0.0059332779868859,0.0076020521020178,0.0622853452207143,0.0024523267560116,0.0,2.87821843019768e-05,0.0046792636128937,0.0,0.0,0.0292497043265464,2.209455912592925e-05,0.0024723896315397,0.0,0.0169779544552408,0.0,0.0023782337948048,0.0084837816200864,0.0003796920357071,0.0002412412638663,0.004796021929654,0.0010632477495082,0.0004741653230041,0.0,0.0,0.0,0.003785513300205,0.0035234896062029,0.0,0.0016830593904288,0.0016135800440586,0.0079786754489575,0.0,0.0042165053467562,0.0,0.0015040172733738,0.0111450966628495,0.0046495502402761,0.0,4.450656881401265e-05,0.0,0.0,0.0019605958352348,0.0012332531072272,0.0066569171250017,0.0066367695959904,0.0,7.648442210834129e-05,0.0036660672353518,0.0005996641119091,0.0005999815624713,0.0,0.0010064029355118,0.0,0.0,0.0,0.0,0.0005750087849151,0.0,0.0139998449148186,0.0014883775423451,8.099222009093029e-05,0.0052546745018543,0.0,0.0,0.0002075280141655,0.0017940824336995,0.0018612972993929,0.0,0.0,0.0010521369798328,0.0,3.0835031270573674e-05,0.0,0.0,0.0,0.0,0.000824778887218,1.100495282134407e-05,0.0,0.000404685976634,0.0302761489742156,0.0,0.0,2.446485665668028e-05,2.539604497233247e-05,9.28225443738752e-05,0.0,0.0,0.0,0.0015549998336558,0.0,0.0002842029066111,0.0152928210544725,0.0,0.0007661986768151,0.0038327922705951,3.752265644662123e-05,0.0004297645710442,0.0020531009290465,0.0,0.0159885033797479,0.0567516951648388,0.0004819746068331,0.0003418730920691,0.0,0.0,0.0,0.0,0.0005497185567968,0.0,0.0,0.0,0.0,0.0,0.0,0.0,0.0,0.0,0.0,0.0,0.0,0.0,0.0007920814793161,0.0,0.008197822153698,0.0001641642673752,0.0,0.0,0.0,0.0,0.0,0.0,0.0,0.002148187954097,0.0001254987889048,0.0,0.0,0.0,0.0,0.0,0.0,0.0,0.2124830153367577,0.0,0.0,0.0025179120421526,0.0180955709043607,0.0045634153210783,0.0003133025414753,0.0,0.0,0.0,0.0,0.0143940338595308,0.0,0.0,0.0,0.0010769192870516,0.0,0.0,0.0,0.0,0.0,0.0,0.0,0.0,0.0,0.0,0.0,0.0,0.0,0.0,0.0,0.0,0.0,0.0,0.0,0.0,0.0,0.0002109141534952,0.0,0.0,0.0,3.360743284671997e-05,0.0
AS134raw,0.0004919394202169,0.0,1.812988159971014e-05,0.050209100645192,0.0038146188854477,0.0218770986341979,0.0502764106992831,0.053839988097618,0.0,0.0,0.0,0.0,0.0045675138546144,0.0,0.0,0.0,0.0,0.0043310221712157,0.0148303349454316,0.0029103967779665,0.0043632887706197,0.0,0.0,0.0,0.0,0.006034978600199,0.0008117597113226,0.0,0.0017859539820919,0.00518289711423,0.0759199578119952,0.0,0.0030082751893878,0.00266869562226,0.0047362823980123,0.0,0.0015807191325397,0.0,0.0,0.0,0.0,0.0032623918716074,0.0009010780647227,0.0068638354783468,0.0,0.0,0.0,0.0053194679058754,0.0,0.0013879227587179,0.0,0.0,0.0022703660590624,0.0011518441612291,0.0,0.0050227804257221,5.897948824209503e-06,0.0,0.0023050882247084,0.0001712011604225,0.0,0.0,0.0,0.0,0.001643783581446,0.0,0.0,0.0,0.0018331146234683,0.0,0.0,0.0,0.0,0.0,0.0,0.0299180224127104,0.0002109262554213,5.468798462292314e-05,0.0006087738850575,0.0,0.0,1.0281249312240688e-05,0.0049615748634102,0.0,0.0,0.0,0.0011106962147629,0.0,0.0001056122976226,0.0,0.0,0.0,9.145263060106954e-05,0.0001787514528861,1.792333864477674e-05,0.0,0.0,0.0254963737827132,0.0,0.0,0.0,3.4653317994382688e-06,0.0,0.0,0.0335278424837331,0.0,0.0,0.0,0.0002677714664624,0.0,0.0,0.0,0.0,0.0689924612050943,0.0,0.0009323348985693,0.0,0.0176564851470026,0.0,0.0,0.1293415357813528,0.0,0.0,7.527343246461934e-05,0.0012103876143441,0.0,0.0,0.0001395312406661,5.8061519553502124e-06,0.0,0.0,0.0,0.0,0.0,6.152685135294038e-05,4.633446955672758e-05,0.0,0.0,0.0,0.000163673817176,0.0,0.0,3.137157993266301e-05,0.0100847810636645,0.0,0.0002272201996438,0.0,0.0,0.0,0.0,0.0,4.76655241551873e-05,0.0,2.607031075603889e-05,0.0,0.0,0.0,2.4142576509993763e-05,4.144628628997028e-05,0.3259818805373461,0.0,0.0,0.0,0.0,0.0,0.0005802480080595,0.0,0.0,0.0,0.0,0.0,0.0,0.0,0.0,0.0,0.0,0.0003926381573283,0.0,0.001962662954646,0.0,0.0,0.0,0.0,0.0,0.0,0.0,0.0,0.0,3.671874754371675e-06,0.0,5.393066045483398e-06,0.0,0.0,0.0,0.0,0.0,0.0,0.0,0.0,0.0,3.16699197564557e-06,0.0
AS136raw,0.0001684103554899,0.0,0.0006171654417201,0.0657139016162422,0.2389098473757846,0.0117176069832577,0.0145667890934762,0.0946466763178976,0.0524439683653105,0.0,0.018289059330646,0.0027788556643542,0.0084423958569356,0.0090039333061072,0.0,0.0002192896169672,0.0003195217620776,0.0174014423479173,0.033760368628164,0.00760639305835,0.0169695904830002,0.0,0.0036880115344416,0.0073911172497881,0.0002133537031282,0.0,0.0019903401764808,7.304000647636512e-05,0.0026587806072676,0.0010577798461138,0.0,0.0,0.0010839543995184,0.0085966730842374,0.0,0.0,0.001423375606085,0.0,0.0002852630593495,0.0001165135087831,0.0010685210235369,0.0,0.0011164605943511,0.0002251689982936,0.0,0.0,0.0,0.0034894693496544,0.0,0.0008598029864542,0.0,0.0,0.0040215533596819,0.0,0.0,0.0098966382149835,0.0,0.0,0.0004030202834132,0.0007237857607715,0.0,0.0120737052810864,0.0,0.0001296855842543,0.0230598380818382,8.728619969002148e-05,0.0002662681350647,0.0,0.0027519461882839,0.0,0.0,0.0,0.004755514972749,0.0008166121467112,0.0,0.0014919495440539,0.000230313456954,0.0004618706291887,0.0008150292363542,0.0,0.0,0.0,0.0017980165680965,0.0028665375916335,0.0,0.0,0.0001735548141504,0.0,0.0,0.0,0.0,0.0,0.0003021662806626,0.000571713301467,0.0,0.0,0.0,0.0272003358483518,0.0,0.0,0.0,0.0006367822236452,0.0,0.0,0.0299274077310247,0.0,0.01196821561229,0.0,0.0,0.0,0.0,0.0,0.0,0.0104265739895265,0.001157842393686,0.0090231543604431,0.0,0.0172134152105021,0.0,0.0,0.1276225432665939,0.0,0.0,0.0,0.00048120474855,0.0,0.0,0.0003345028779571,0.0,0.0,0.0,0.0,0.0002355144481272,0.0,0.0,0.0,0.0002669465252177,0.0114374318500558,0.0,0.0,0.0,0.008245775777582,0.0,0.0065096623109495,0.0,0.0,0.0,0.0,0.0,0.0,0.0170182649764801,0.0,0.0,0.0,0.0,0.0,0.0,0.0,0.0,0.0,0.0,0.0018543794833108,0.0,0.0,0.0,0.0,0.0,0.0,0.0,0.0,0.0218301993969563,0.0,0.0,0.0,0.0,0.0,0.0,0.0,0.0,0.0,0.0,0.0,0.0,0.0,0.0,0.0,0.0,0.0,0.0,0.0,0.0,0.0,0.0,0.0,0.0,0.0,0.0,0.0,0.0,0.0,0.0,0.0
AS138raw,0.0009883758748722,0.0,1.814162477076805e-05,0.0465114371152123,0.016351893015049,0.0,0.0035497112468135,0.0120110456693431,0.0,0.0005729528249824,0.0049640121565817,0.0,0.0,0.0008560831155716,0.0,0.0037386058753989,0.0,0.0246933112978439,0.0056013072774179,0.0289243413416042,0.0216494490217219,0.0,0.0,0.0,0.0603075380325558,0.0,0.0041741258140625,0.0,0.0005086105291288,0.0,0.0318311940359852,0.0,0.0022413977404283,0.0032545268544322,0.0091759531796109,0.0,0.0004055056283483,0.0,0.0,0.0,0.0,0.0042536062879193,6.093570186892425e-05,0.0,0.0,0.0003290084438982,0.0,0.0025161828836228,0.0,7.216335186594404e-06,0.0,0.0,9.340921020859904e-05,0.0084618585139118,5.567463068540152e-05,0.0,0.0,0.0,0.0027568214575267,0.0005120171231135,0.0,0.0,0.0,0.0003794220034,0.0,0.0,0.0002007471567689,0.0,0.0013906764828444,0.0,0.0,0.0,0.0,0.0,7.042981883229286e-05,0.1204807474123648,0.0006095585922978,7.794851443173338e-05,0.0,0.0,0.0,0.0,0.0135643315822162,0.0,0.0001717810292182,0.0005729528249824,6.073412826036016e-05,2.18505791683473e-05,0.0004775883507708,0.0,0.0001239274545451,0.0,0.0,0.0,8.667665168255847e-06,0.0,0.0,0.0,0.0017847528875871,0.0001212465255511,0.0,0.0001608355822732,8.445934198835351e-06,0.0,0.0,0.0,0.0,0.0,0.0,0.0,0.0,0.0,0.0,0.0108131743430902,0.0,5.16028437924069e-06,0.0,0.0,0.0,0.0,0.0513675872338516,0.0,0.0075680408188169,0.0,0.0,0.0,0.0,0.0,2.310033554144465e-05,0.0,8.869238776819939e-06,0.0,0.0,0.0,0.0,6.3898833914816365e-06,0.0,0.0,7.56707326549592e-05,0.0001140301903646,0.0,0.0,0.0003155030121245,0.0635257816374466,0.0,0.0001294908861415,0.0,0.0,0.000555335291594,0.0,0.0,0.1775160402702956,0.0,0.001313252059795,0.0,0.0,0.0,5.0615133110442864e-05,1.955264003071668e-06,0.2331744644375685,0.0,0.0,0.0005163509556976,0.0,0.0,0.0005623298958111,0.0,0.0,0.0,0.0,0.0,4.700696551714566e-05,0.0,0.0,0.0,0.0,0.0019101316721141,0.0,0.0071348792913735,0.0012435479059534,0.0,1.495676175545544e-05,6.23870318505857e-05,0.0002148774667292,0.0,0.0,0.0,0.0,0.0,0.0,5.597699109824765e-05,0.0,0.0,0.0,0.0,0.0,0.0,0.0,0.0,0.0,1.0199624593342928e-05,0.0
AS17raw,0.0011172553073773,0.026539947048437,0.1363526496378296,0.116943527473063,0.0669595160894393,0.001510090446835,0.016809875558725,0.0184274113172159,0.0016306302631394,0.0211270658811672,0.0059458099130828,0.0006533428950863,0.0,0.008053246025912,0.0,0.0,0.0004856779420907,0.0024999696514118,0.0604176674474863,0.0158049917106255,0.0062754848026711,0.0,0.0006830505812564,0.0023887040620083,0.0,0.0,0.0022881955704733,0.0,0.0005610027605778,0.0,0.0936741905780243,0.0,0.0009941016168244,0.0013321459306891,0.0088293404770515,0.0,0.0011999442138914,0.0,0.0,0.0,0.0,0.0004931174303363,0.001574834101297,0.0013185487579157,0.0,0.0005185021706339,0.0,0.0008128394910555,0.0,0.0006226298726668,7.351521323822793e-05,0.0,0.002109346251703,0.0066184803975642,0.0,0.0221342620026403,0.0,0.0,0.000747090500344,0.0014115172275801,0.0038035137658053,0.0024166775431481,0.0,0.0,0.0002120756818133,5.5595094592465024e-05,0.0002714910541535,0.0,0.0010898598945809,0.0009790969733019,0.0,0.0,0.0005786212783488,0.0,0.0,0.0033896419653287,0.0,0.0004394576080239,0.0006036038841466,0.0,0.0,0.0,0.0035682902168492,0.0,0.0002288899305847,0.0,0.000613255112141,0.0,1.2089168399175258e-05,0.0,0.0,0.0,9.950315528551948e-05,0.0031629637744926,0.0,0.0001294873089242,0.0002614125582531,0.0107012263066436,0.0,0.0,0.0,0.0,0.0,0.0,0.0248774978930037,0.0,0.011097881723849,0.0,0.0014614573057696,0.0280851991305953,0.0013001259711453,0.0,0.00723223817783,0.0062746805336716,0.0,0.0686449371781717,0.0,0.0001172222066813,0.0,0.0007100438595532,0.0,0.0,0.0,0.0,0.000129688376174,0.0,0.0,0.0,0.0,0.0,0.0,0.0,0.0,0.0,0.000328694686745,0.0,0.0,0.0011497779350458,0.0,2.9808219795055843e-05,0.0,0.0,0.0007765971192642,0.0010764889224637,0.0,5.760576709128836e-05,0.0,0.0,0.0,0.0087195577586158,0.0,0.0,0.0,0.0,0.0,0.0,0.0,0.0,0.0,0.083611377923163,0.0,0.0,0.0,0.0190160859580588,0.0,9.605987863128448e-05,0.0,0.0014272256064772,0.0,0.0,2.194146364340957e-05,0.0,0.0,0.0,0.0,0.0,0.0,0.0,0.0009817108475504,0.0278839810802755,4.423479497411321e-06,0.0,0.0033911499697029,0.010211728086805,0.0,0.0,0.0,0.0,0.0,6.846339858493432e-05,0.0,0.0,0.0,0.0,0.0,0.0,0.0,0.0,0.0,0.0006600786479574,0.0,0.0
AS18raw,0.7020379232580596,1.973440624566296e-05,7.524895091804196e-05,0.0931979928080078,0.0003136986749821,0.0,0.0001707395007655,0.078864450910895,0.0,0.0,5.809661651760592e-06,0.0,0.0137153431780969,0.0,0.0,0.0024174878193065,0.0,0.0,2.3054212903811885e-06,0.0,0.0027538487855731,0.0,7.584836045354108e-05,0.0,0.0,0.0,0.0011625547941004,0.0,7.605584836967538e-05,0.0,5.509956884011037e-05,0.0,0.0012419073949154,0.0022336304713986,0.00163938507959,0.0,0.0006156858098091,0.0,0.0,0.0,0.0,0.0152625344602847,0.0,0.0,0.0,0.0,0.0,0.0004751242737346,0.0,0.0004786285140959,0.0,0.0,0.0022339301761664,0.0070558110218503,0.0,1.964218939404772e-05,0.0,0.0,0.0042058722768939,0.0,0.0,0.0,0.0,2.0541303697296388e-05,0.0,0.0,0.0,0.0,0.0009103647591456,0.0,0.0,0.0,0.0,0.0,0.0,0.0169123400441072,8.004422720203484e-05,0.0,0.0003850514639194,0.0,1.706011754882079e-06,2.524436312967401e-05,0.0,0.0,0.0,0.0,0.0004551823795727,0.0,0.0,0.0,0.0,0.0,0.0,0.0,0.0,0.0,0.0016344745322415,0.0001490915948488,0.0,0.0,0.0,0.0,0.0,0.0,0.0,0.0,0.0,0.0,0.0,0.0,0.0,0.0,0.0,0.0039670075769975,0.0,0.0,0.0,0.0,7.607890258257919e-06,0.0,0.0,0.0,0.0,0.0,0.0,0.0,0.0,1.0512721084138218e-05,0.0,0.0,0.0,0.0,0.0,6.109366419510146e-06,0.0,2.704259173617133e-05,0.0,0.0,0.0,0.0,0.0,0.0,0.0014467210223528,0.0046467149360406,0.0,0.0,0.0,0.0,0.0,0.0,0.0,0.0,0.0,0.0,0.0,0.0,0.0,0.0,0.0,0.0007308185490507,0.0,0.0,0.0,0.0,0.0,0.0,0.0,0.0,0.0,5.249444278197964e-05,0.0,0.0,0.0,0.0,0.0,0.0,0.0025207015304769,0.0,0.0349792350704374,0.0001595120990814,0.0,0.0,2.614347743292267e-05,2.5359634194193067e-05,0.0,0.0,0.0,0.0,0.000134452169655,0.0,0.0,0.0,0.0,0.0,0.0,0.0,0.0,0.0,0.0,0.0002792326266909,0.0,0.0
AS19raw,0.0009014858240296,0.0,1.330245063142942e-05,0.1691732113768487,0.0391355470521769,0.0013181844930012,0.0001577665868423,0.1443350284046732,0.0,0.0028529577198921,5.039168910649206e-06,0.0,0.0,0.0,0.0,0.0621275313823201,0.0,4.000288116273659e-05,0.0042514345630242,0.0010550252407432,0.0616713313608451,0.0,0.0133246611863435,0.0,0.0,0.0,0.1013577718218466,0.0,0.008549439644417,0.0006638328864473,0.0782662698762975,0.0,0.0036614696834045,0.0,0.013165175072669,0.0,0.0015217812463818,0.0,0.0,0.0,0.0,0.0084116147923632,0.0,0.0,0.0,0.0,0.0,0.0037201007719146,0.0,0.0010774985011456,0.001102073405454,0.0,0.0016270783825289,0.0,0.0,0.0014284969157419,5.409344825886471e-05,0.0,0.0003370033767685,0.0,0.0,4.55435787327395e-05,0.0,0.001819307152964,0.0023055033647318,0.0007985291549595,0.0,0.0,0.0084759776369803,0.0,0.0,0.0,0.0,0.0,0.0,0.0253656000632785,0.003346032038988,1.3995037827679785e-05,0.0022904813872683,0.0,0.001215418882468,0.0004365448744917,0.0003716566188981,0.0,0.0,0.0,0.0137702574590208,0.0,1.179786465336828e-05,0.0,0.0,0.0,0.0,0.0,0.0,0.0,1.612056405065504e-05,0.0008828576166823,1.2490451849618649e-05,0.0,0.0,0.0219011833783657,0.0,0.0,0.0038994330911092,0.0,0.0,0.0,0.0,0.0,0.0,0.0,0.0,0.0307339150683664,0.0,0.0004326998214366,0.0,0.0260761706443143,0.0,0.0,0.014910733630391,0.0,0.0,0.0,0.0,0.0423715532562297,0.0,0.001798840007199,0.0011268632506163,0.0001231133447127,9.96370269916042e-05,0.0,0.0,0.002490280852228,0.0,0.000661205831565,0.0,0.0,0.0,0.0,0.0002914597980358,0.0,0.0034537174068464,0.0298583176760861,0.0001047717251706,0.0,0.0,0.0,0.0,0.0,0.0,0.0,0.0,0.0,0.0001373233233943,0.0,0.0002674819516552,7.042895316352848e-05,0.0,0.0004715085867437,0.0,0.0,0.0,0.0270849358368115,0.0,0.0003063623639137,3.909535311247748e-05,0.0,0.0,0.0021724072114662,0.0,0.0,0.0,0.0,0.0,0.0,0.0,0.0,0.0,0.0012203625221102,0.0,0.0,0.0002590276113975,0.0010744654468725,2.830054577781663e-05,0.0,4.537640251295493e-06,0.0,0.0,0.0,0.0,0.0,0.0,0.0,0.0,0.0,0.0,0.0,0.0,4.55435787327395e-05,0.0,0.0
AS20raw,0.0011377891071916,0.0076221052100237,0.0015581188410586,0.1295769859114765,0.0416904708224471,0.0,0.0100223959496429,0.3056419572510185,0.0010806528315236,2.0270774271946915e-05,0.032317747936724,0.0,0.000789488891437,0.0,0.0,0.0092500269349225,0.0,0.003907449064218,0.0112295888269844,0.0202619937707595,0.0140594309273156,0.0,0.0010989910552949,0.0001906713140584,0.0444383475743751,0.0,0.0062853474252114,0.0,0.0002373676158268,0.0,0.1103949097628109,0.0,0.0024866043266485,0.0143864520815805,0.0010201766044469,0.0,1.6825792944901017e-05,0.0,0.0,0.0,0.0,2.4829072735172285e-05,0.0007765281994932,0.0,0.0,0.0013553060684206,0.0,0.003529971537102,0.0,0.0016123142790085,5.379632425953995e-05,0.0,0.0026932822002876,0.0017240661123004,3.5248040651115976e-05,0.0116327986841347,3.657141762431045e-05,0.0,0.0030677138597669,0.0019095489483847,0.0,0.000225604264954,0.0,6.209368782163221e-05,0.0,5.541378500455541e-05,0.001184695468797,0.0,0.0043496670331019,0.0,0.0,2.2497408544305853e-05,0.0,0.0004889142706523,0.0,0.0073528295049542,9.64384711735837e-05,0.0003025071712852,0.0007336759927422,0.0,0.0,1.1658320954332168e-05,0.0124196408216254,0.0015491072740506,0.0001742446348038,0.0,0.0037604491902749,1.9241481070573443e-05,7.709196018450278e-06,0.0,9.330857960206032e-05,0.0,0.0,0.0,2.3400665843470325e-05,0.0,0.0,0.0005606286990092,0.0,0.0,4.062557247869983e-05,0.0009951584778584,0.0,0.0,0.0163335807348073,0.0,0.0113892553090995,5.2577977204853e-05,0.0001275483330354,0.0,0.0,9.927427897328612e-05,0.0018781450027509,0.0008006430687826,0.0,0.0104680588998539,0.0,0.0084213198719146,0.0,0.0002270326718457,0.0011785197095888,4.264214691404377e-06,0.0,0.0,0.0,0.0,0.0,0.0,3.6550411640608944e-06,0.0,0.000644316538076,2.512315650699328e-05,0.0,0.0,0.0004944808563332,0.0001045467808823,0.0,0.000725168569343,8.652364686647599e-05,3.4449813270459e-06,6.442535201249864e-05,0.0005936711113716,0.0036122309692771,0.0240387646103706,4.589807438777617e-05,0.0001052609843281,0.0,0.0,4.85238223504636e-05,0.0364550654805876,0.0,7.698693026599527e-05,0.0006831145899726,0.0,0.0,0.0,0.0,0.0,0.0001078867322908,0.0008267745125072,0.0,0.0,0.0,0.0352514436204754,0.0,0.001359150163438,0.0,0.0066802389128159,0.0,0.0,9.44218967382398e-05,0.0,0.0,0.0,7.57685832113083e-05,0.0,0.0005879994957723,0.0,0.0002154793808098,0.0010150091324564,0.0,0.0,0.0001042526971105,0.0002846730911226,0.0,0.0003413052231819,0.0,0.0,0.0,0.0004082722992222,0.0,0.0,0.0,0.0,0.0,0.0,0.0,0.0,0.0,8.843519138331244e-05,6.381617848515516e-05,0.0
AS21raw,0.0013237996633157,0.0269692458506509,0.0002941118422792,0.1840081312473391,0.0976057689037882,0.0,0.0255744483745463,0.2787123859504343,0.0,0.0057366188826212,0.0343499887894147,0.0003575356768948,0.0,0.0028264110721988,0.0,0.0,0.0,0.0396721683678225,0.012761823918443,0.0,0.0175053735179782,0.0021448628044105,0.0108568915704235,0.0,0.0,0.0,0.0151271882787133,0.0,0.0005163477293728,0.0,0.044068302881587,0.0,0.0029020191325713,0.0,0.0001526211485798,0.0,0.0043788131549857,0.0,0.0,0.0,0.0,0.0069982021571172,0.0004730333556461,0.0003008296316154,0.0,0.0,0.0,0.005768912569267,0.0,0.0028556093068955,0.0005445361003131,0.0,0.0018077219846834,0.0022896684856581,0.0,0.0,0.0,0.0,0.0020588487566348,0.0007989559062528,0.0012932842150237,0.0043321179330309,0.0,1.0910919281392422e-05,0.0059327300334073,0.0006386510117,0.0001039061991122,0.0,0.0020927450531549,0.0,0.0,0.0,0.000168405758164,0.000301532145533,0.0,0.007077103251478,8.605795489548954e-06,0.0001258158519148,0.0011662828708731,0.0,1.3194089513313577e-05,0.0,0.0040124960541219,0.0007284630253423,0.0,0.0,0.0053022896531181,0.0,0.0,0.0,0.0,0.0,9.505891446364024e-06,0.0,0.0,0.0,0.0,0.0,0.0,0.0002414232984656,6.19090389809389e-06,0.0011274909304904,0.0,0.0,0.0,0.0,0.0,0.0,0.0016624113715575,0.0,0.0,0.0206012864917835,0.0,0.0,0.0,0.0014538086451757,0.0,0.0312212552435254,0.0,0.0,0.017101845133046,0.0,0.0,0.0,0.0032317396490446,0.0018915406764668,0.0,0.0,0.0,0.0,0.0,0.0,0.0,0.0,0.0008606673631945,0.0,0.0,0.0050872764872389,0.0,0.0003439244697429,0.0,0.0,0.0005420333944819,0.0079606681776715,0.0,6.379704513425831e-05,0.0,0.0,0.0,0.0,0.0,0.0,0.0,0.0,0.0,0.0,0.0,0.0,0.0011565793973874,0.0001724232596297,0.0,0.0,2.559785086942368e-05,0.0393186501923933,0.0,0.0003702248345299,0.0,0.0,0.0004499382106078,5.001020950304213e-05,0.0,0.0,0.0,0.0,0.0,0.0,0.0,0.0,0.0,0.0,0.0,0.0,0.0,0.0,0.0,0.0,0.0,0.0,0.0,0.0,0.0,0.0,0.0,0.0,0.0,0.0,0.0,0.0,0.0,0.0,0.0,0.0
AS24raw,0.0526757217379841,0.0007840105470565,0.0015101028829461,0.1190909574222859,0.1435187407007987,0.005552493420935,0.0088692110669292,0.1161166807628949,0.0005980221332852,0.0229919569186378,0.0015731243281687,0.0020660058584427,0.0031617331267944,0.0066101212021582,0.0,0.0026218389266234,0.0,0.0015090542732087,0.0033637303158911,0.0207135376810393,0.0043288357646106,0.0,0.0003359745598887,0.0227707701713452,0.0034440188681242,0.0004506575115113,0.0015841347304123,0.0008424530630921,0.0006049429575526,0.0,0.0160755717658192,0.0,0.0081778277133501,0.0102004560823191,0.0123177040032669,0.0,0.0023485362753779,0.0,0.0,0.0,0.0031990636334488,0.0,0.0019743573673869,0.0062231842090278,0.0,0.0012763677724617,0.0,0.0008203973049471,0.0,0.0013868213314763,0.0,0.0003846999590237,0.0037281571533236,0.0015167790316081,0.0,0.0,0.0,0.0,0.0036126003602533,0.0005455217390954,0.0094238557107408,0.0027157244517859,0.0,0.0002752950097466,0.0024522787320727,0.0,0.0003015102531835,0.0,0.0091799490858027,0.0,0.0,0.0,0.0,0.0,0.0,0.0150149729236731,0.000165190987311,0.0,0.0010393819717909,0.0,0.0,0.0,0.0020070390375383,0.0,0.0,0.0,0.0022266528702248,0.0,0.0,0.0,0.0,0.0,0.0,0.0058465585449826,1.8665253327160185e-05,0.0,0.0,0.014902631867131,0.0,0.0,0.0,0.0,0.0,0.0237454179686758,0.0166253228975225,0.0,0.001371966026862,0.0,0.0,0.0,0.0008055420003327,0.0001199959076256,0.0002177962424747,0.0231154481920552,0.0,0.0013128943449839,0.0,0.0019153555928246,0.0,0.0,0.0026008317782159,0.0,0.0,1.8874975274656365e-05,0.0005148673811031,0.0001098943004879,0.0,0.0001820386504266,0.0,0.0,0.0,0.0,0.0,0.0,0.0,0.0,0.0,0.0009867417629695,0.0,0.0002411452859625,0.0,0.0,0.0022461570113419,0.0005045560520178,0.0,0.0,0.0,0.0,0.0,0.0288863670213077,0.0013744127829161,0.0002505827735999,0.0,0.0,0.0,0.0,0.0,0.0,0.0,0.0820996410643827,0.0001289090903942,0.0,0.0095513666548184,0.0018327251455111,0.0048691494086767,0.0,0.0,0.0023207481173348,0.0,0.0,0.0703799591944009,0.0,0.0,0.0,0.0001954259014084,0.0,0.0001065037956701,0.0,0.0064989336163274,0.0,0.0,0.0,0.0,0.0,0.0,0.0,0.0,0.0,0.0,0.0001154169784387,0.0,0.0,0.0,0.0,0.0,0.0,0.0,0.0,0.0,0.0277084287495375,0.0,0.0
AS25raw,0.0002277731959664,0.0,0.0001051787852281,0.0386568395113486,0.0867824571271303,0.0024159503733187,0.0365058121554322,0.0001711789999067,0.0,0.0202900468356493,0.0359821577575335,0.0,0.0853662848560838,0.0098074474694937,0.0,0.0280886901663263,0.0,0.0805209732873816,0.0327695413198494,0.0178567598789937,0.0012190410909168,0.0,0.0006480404312308,0.0,0.0421255525904202,0.0,0.0022159209801692,0.0,0.0003511580284373,0.0,0.0001292076059016,0.0,0.0010286284955149,0.0027465837840976,0.0202848300522136,0.0,0.0,0.0,0.0,0.0,0.0,0.0027228447847262,0.0018838121154894,0.0089517632490885,0.0,0.0,0.0,0.0005711060492502,0.0,0.0,0.0,0.0,0.0039878620730938,0.0009303790741431,0.0,0.0058596334308554,0.0001308147967579,0.0,0.0,0.0071560041146193,0.0,0.0042364497080207,0.0,0.000171864032075,0.0,2.012940679217837e-05,0.0,0.0,0.0,0.0,0.0,0.0,0.0,0.0,4.007438184673207e-05,0.0,0.0003632778283384,0.0001551597861244,0.0,0.0,0.0,0.0001436196288273,0.0103178491296744,0.0,0.0,0.0,0.0003186190004421,0.0,0.0008307332410436,0.0,0.0001221991998718,0.0,3.996899228237511e-05,0.0,0.0007439976295778,0.0,0.0,0.0673954407736734,0.0004992830611409,0.0005374604308293,0.0,0.0007460000313006,0.0,0.0,0.0445743581604273,0.0,0.0400702716537219,0.0,0.0008006708678108,0.0,0.0,0.0012511058658724,0.0,8.32577558419943e-06,0.0,0.0020746989639309,0.0,0.0140843667702276,0.0,0.0,0.2009642776275196,0.0,0.0,2.5030021534776765e-05,0.0,0.0,0.0,0.0,0.0,0.0,1.902281636643034e-05,0.0,0.0004858722390765,0.0,0.0,0.0,0.0,0.0,0.0,0.0010844322698419,0.0,0.0,0.0016089561316464,0.001013004492599,0.0,0.0002993854049469,0.0,0.0,0.0005220208596509,0.020347247021704,0.0,3.5042030148687466e-06,0.0,5.0086390460642776e-05,0.0,0.0,0.0,0.0,0.0012393812768376,0.0004681404448735,0.0,0.0,0.0,0.0,0.0,0.0012365621059911,0.0,0.0012431753011546,0.0,0.0,0.0,4.900614742598399e-06,0.0,0.0,0.0,0.0,0.000177476026377,0.0,9.485060792125934e-05,0.0005831204595869,0.0,0.0,3.875701229227012e-05,0.0001703622307829,0.0,0.0,0.0,0.0,0.0,0.0,0.0,0.0,0.0,0.0002703242325755,0.0,0.0,0.0,0.0,0.0,0.0,1.3911422495118036e-05,0.0
AS29raw,0.0001097735091756,0.0060159715375087,0.0592466877854139,0.1737230090646334,0.1796339684935234,0.0,0.0061850012572709,0.0799956810613004,0.0002512219452254,0.0056056201017272,0.0022246773113195,0.0005163796969582,0.0,0.0033245898728435,0.0,0.025588202085569,0.0,0.0045273080402896,0.0321844838323886,0.0011393973466282,0.042800432834537,0.0,0.003654462026045,0.0010089523911332,0.005810679687897,0.0,0.004222462272941,5.675937858729111e-05,0.0018287552418592,0.0,0.0303915552264254,0.0,0.0035810667784395,0.0119400538508596,0.001871956242032,0.0026734973796473,0.0019895976752983,0.0,0.0034963486880468,0.0,5.664324686639639e-05,0.0046671596651771,0.0003418917863139,0.0032628948961182,0.0,0.0001030959352242,0.0,0.0049752280877805,0.0,0.0010217559133618,0.0012297768584145,0.0016499123916813,0.0031841285564214,0.0003287689018528,0.0,0.0,0.0,0.0,0.0014694727303412,0.0070831639866707,0.0298525588768228,0.0019609421731675,0.0003161395772056,0.0,0.00026739328736,0.0224414098774151,2.4329595527442423e-05,0.0,0.00702077221962,0.0,0.0,0.0,0.0,0.0005652421185247,0.0,0.0017940028243814,0.0004266098767066,0.000261935096478,0.0002984875556296,0.0003127136914391,0.0,0.0,0.0013460827768905,0.0013294469078723,0.0001966981022653,0.0,0.0007948635636637,0.0,0.0,0.0,0.0,0.0,0.0,0.0012700455326347,1.7971383808456874e-05,0.0,1.8464943622259403e-05,0.0,0.0,0.0001369192989347,2.58393078990737e-05,0.0012458320688282,0.0,0.0125544777531833,0.0376875886574962,0.0,0.0057376909013147,0.0165605575971673,0.0031718185940065,0.0,0.0010075297775522,0.0,0.0003401788434307,0.0206856724550684,0.0005316219853257,0.0011479910939744,0.0,0.0099480174094224,0.0,0.0004570073546509,0.0015209771485579,0.0,0.0,0.0003770506648148,0.0004762852203193,0.0002226535418853,0.0,8.79697785777453e-06,8.390516834643033e-06,0.0,0.0001451936840485,0.0,0.0001242028754968,0.0019790006557667,0.0,0.0,0.0,0.0024211721830733,0.0,0.0,0.0,0.0018677174342194,0.0,0.0051012310049513,0.0,8.402130006732503e-05,0.0,0.0,0.0,0.0,0.0,0.0,0.0003404982056632,4.238807812657034e-06,0.0,0.0,0.0,0.0,0.0,0.0004633655663698,0.0001002797409925,0.0004387456415401,0.0,0.0016992974059918,0.0046331330709549,0.0,0.0,0.0,0.0,0.0,0.0251913799952717,0.0,0.0,0.0,6.642734435177598e-05,0.0,8.614070397365355e-05,0.0,0.0002425410990885,0.0,0.0,0.0,0.0,0.0,0.0,0.0,0.0,0.0001157252598715,0.0,0.0,0.0013328727936388,0.0,0.0,0.0,0.0,0.0,0.0003504855336602,0.0,0.0,0.0438348180725462,3.605889933780846e-05,0.0
AS31raw,0.0,0.0,0.1007040975649746,0.0594512985802144,0.1137986325611419,0.0,0.0138265321415134,0.1614869985020756,0.0005258416359672,0.0504575501504108,0.0,0.0,0.0002336561003614,0.0084803051418091,0.0,0.1307476688550304,0.0,0.0120737816455054,0.0180546325949072,0.0,0.0291982413734783,0.0,0.0,0.0,0.0236198091439201,0.0,0.0307594769625009,0.0,0.0063812582351327,0.0,0.0010343717488341,0.0,0.0037008738955783,2.730274500413361e-05,0.0036792097609555,0.0,0.0,0.0,0.0,0.0,0.0,0.0,0.0,0.0045660543586441,0.0,0.0006924938983475,0.0,0.0131747285660343,0.0,0.0,0.0,0.0,0.0,0.0134419525340458,0.0,0.0045704729188259,0.0,0.0,0.0055819604828377,0.0010019250083943,0.0,0.0024438264981779,0.0,0.0,0.0,0.0,0.0001389538254194,0.0,0.0037612169189571,0.0,0.0,0.0,0.0,0.0002841397991553,6.519024984682626e-05,0.0027464978706331,0.0005301612731599,0.0002222799566097,0.0,6.367343067992994e-05,0.0,0.0,0.0043978852770969,0.0008296341356328,0.0003718844905272,3.465602053060921e-05,0.000890372850968,0.0,0.0002854257980141,0.0,0.0,0.0,0.0,0.0,0.0046400157801951,0.0,0.0,0.0,0.0,0.0,6.858660580748538e-06,0.0003983958516181,0.0,0.0,0.0,0.0,0.0,0.0,0.0,0.0,0.0,0.0291923059941296,0.0,0.0001386240821224,0.0,0.0020092578068621,0.0,0.0334417738131788,0.0,0.0,0.0001610136519989,0.0,0.0,0.0,0.0019950788450845,0.0,0.0,0.0,1.381624415064249e-05,0.0,1.652013918728374e-05,0.0,9.067940671662732e-06,0.0,0.0,0.0,0.0,0.0428883587129605,0.0,0.0004531002646156,0.0,0.0,0.0058666278712685,0.0,0.0,3.960216998787978e-05,0.0,0.0,0.0,0.0,0.0,0.0,0.0,0.0,0.0,0.0,0.0,0.0,0.0,0.000231150051303,1.4706551052951194e-05,0.0,0.0,0.0469906291241613,0.0,5.018692982643883e-05,0.0,0.0,0.0,0.0,0.0,7.386249856190734e-05,0.0,0.0,0.0,0.0,0.0,0.0,0.0,0.0,0.0004090795344459,0.0,0.0,0.0,0.0,0.0,0.0,0.0,0.0,5.298974785222549e-05,0.0,0.0,0.0,0.001610367340298,0.0,0.0,0.0009541452046371,0.0,0.0,0.0,5.539687392143051e-06,0.0
AS34raw,1.090428769115154e-05,0.0215553026833252,0.0982353838637622,0.0809507133832418,0.0863056044220708,0.0,0.0070000334459243,0.0618027841975798,0.0025666921660023,0.0047545443313509,0.0055754203305098,0.0007991590564461,0.0,0.0138223300569053,0.0,0.011628552312251,0.0,0.0006868479476495,0.0175544981484855,0.0030841418516487,0.005721421717523,0.0,0.0005716351376467,0.0077690758982712,0.0,0.0,0.0005648543200909,0.0,0.0005881290181879,0.0021498551516573,0.2968072276184547,0.001023078756905,0.0006214527657259,0.0044084171937707,0.0010842893802469,0.0,0.000188305136179,0.0,0.0002252025578343,0.0,0.0,0.0018558364588982,0.0007375513582022,0.0115847518961471,0.0,0.0004059327266537,0.0,0.0008401494040134,0.0,0.0,0.000327617338306,0.0002726071922786,0.0006999514194129,0.0016932190144508,0.0,0.0113506304251313,0.0003349174076567,0.0,0.0003479292467504,0.0016280070978665,0.0,0.0090566676283005,0.0,0.0002840307317647,0.0003351312172192,0.0085207386876032,0.0002171083386798,0.0,0.0009483675868979,3.909660572737806e-06,0.0,0.0,0.0002079145274891,0.0,0.0,0.0004222433418556,0.0,0.0001827155433289,0.0,0.0,0.0,0.0,0.0023771652608941,0.0,0.0,0.0,0.0001159153271369,0.0,0.0,0.0,0.0,0.0,2.190020805197661e-05,0.0,0.0,0.0,0.0,0.000633853720355,0.0,0.0,0.0,0.0001901988780189,0.0,0.0,0.0,0.0,5.00008934185296e-05,0.0,0.0007024560457173,0.0020177513862113,0.0024901788868249,0.0,0.0061813566308377,0.0567700125368766,0.0001733995552455,0.0046435466241531,0.0,0.0204399192838356,0.0,0.0,0.0464405365825871,0.0,0.0,0.0,0.0,5.180300258877593e-05,0.0,9.80469565506903e-06,0.0,0.0,0.0,0.0002394056216336,0.0,0.0015676211685517,0.0,0.0,0.0,0.0002311281371398,0.0,0.0002661318169551,0.0,0.0,0.0001412059439668,0.0,0.0,0.0,0.0,0.0,0.0,0.0361612753312788,0.0,0.0,0.0,0.0,0.0,0.0,0.0,0.0,0.0,0.0007631474172644,0.0003218139358934,0.0,0.0,0.0264200505720704,0.0,0.0001740104397099,0.0,0.0,0.0,0.0,0.0,0.0,0.0,0.0,0.0,0.0,0.0,0.0,1.1209729923396676e-05,0.0,0.0,0.0,0.0,0.0,0.0,0.0,0.0,0.0,0.0,0.0,0.0,0.0,5.901143926976127e-05,0.0,0.0,0.0,0.0,0.0,0.0,0.0,2.040354111397543e-05,0.0
AS35raw,0.7879362578661829,0.0,0.0,0.028780657901441,0.0004463727960907,0.0,0.0,0.0019017238357365,0.0,0.0002358319849838,0.0,0.0,6.057975171375429e-05,0.0,0.0,0.0021336143390773,0.0,0.0003837812464549,4.9083763587796174e-05,0.0004826672728883,0.0007104315376339,0.0,0.0,0.0,0.0018000253979223,0.0,0.0014319484923894,0.0,0.0012861136715915,0.0,0.0024224715692922,0.0,0.001762129694207,0.0096130068565767,7.347168125500732e-05,0.0,5.854742524148669e-05,0.0,0.0,0.0,0.0,0.0068217604110439,0.0,0.0,0.0,0.0,0.0005140143690818,0.0,0.0,0.002868844365383,0.0,0.0,0.0103205233400788,0.0,0.0,0.0,0.0002636481705386,0.0,0.0016580088874662,0.0,0.0,0.0,0.002104196926605,0.001008157101546,0.0001843463810197,0.0,0.0,0.0,0.0,0.0,0.0,0.0,0.0,0.0,0.0,0.001203383614185,0.0,0.0,3.062859693558841e-05,0.0,0.0202277043213788,0.0,0.0009064586637317,0.0,0.0,0.0,0.0004750101236545,0.0,3.9312173680731776e-05,0.0,0.0,0.0,0.0,0.0,1.925578011097985e-05,0.0,0.0,0.0005658079012993,0.0,0.0,0.0,8.067720238395607e-06,0.0,0.0,0.0020257778647457,0.0,0.0,0.0,0.0,0.0,0.0,0.0,0.0,0.0001931120719658,0.0,0.0007244525374375,0.0,0.0,0.0,0.0,0.000517134708716,0.0,0.0,0.0,0.0,0.0,0.0,0.0,0.0,0.0,1.7839310145460007e-05,7.965077487270981e-06,0.0,0.0,0.0,2.258140524741773e-05,0.0,0.0,0.0,0.0,2.348466145731444e-05,3.294832311100496e-05,0.0002901710574292,0.0113542590152051,0.0,0.0,0.0,0.0,0.0,0.0,0.0,0.0002306998474276,0.0,0.0,3.194242414998363e-05,0.0,0.0,0.0,0.0,0.0021511662495196,0.0,0.0,4.818050737789946e-05,0.0,0.0,0.0,0.0,0.0,0.0,0.0,1.1886030580231695e-05,0.0,0.0,0.0,0.0,0.0,0.0,0.0,0.0001971356678099,0.0,0.0,0.0,0.0,0.0,0.0,0.0,0.0,0.0,0.0005034216371658,0.0,0.0,0.0,0.0,0.0,0.0,0.0008148397440779,0.0,0.0,0.0,0.0900019678668246,1.1188059872584237e-05,0.0
AS36raw,6.0018941149979646e-05,0.0,9.422678100738184e-05,0.035110430121159,0.0244596994393343,0.0,0.0,0.0722293068882586,0.0,0.0,0.0,0.0,0.0,0.0,0.0,0.0139959735864622,0.0,0.002435290711646,0.0067766115115264,0.0027547511348605,0.005318979089046,0.0,0.0,0.0,0.0,0.0,0.0071941718592412,0.0,7.592543885376735e-05,0.0,0.0231409679949439,0.0,0.0013519340408984,0.0038454401688619,0.0085365856543022,0.0,0.0007532229284417,0.0,0.0,0.0,0.0,0.0,0.0,0.0,0.0,0.0,0.0,0.0,0.0,0.0003423444924016,0.0,0.0,0.0018453902614861,0.0039269535780985,0.0,0.0027368341504581,0.0,0.0,0.0003846534110153,0.0,0.0,0.0,0.0,0.0,0.0,0.0,0.0,0.0,0.0012407068208953,0.0,0.0,0.0,0.0,0.0,0.0,0.000526392723268,0.0003331494723536,0.0,0.0005569935134602,0.0,0.0,3.4296537799988365e-05,0.004569451908212,0.0,0.0,0.0,0.0078784764862936,0.0,0.0,0.0,0.0,0.0,0.0,0.0,0.0,0.0,0.0,0.0118538295750635,0.0,0.0,0.0,0.0,0.0,0.0,0.0,0.0,0.0,0.0,0.0008351502614105,0.0,0.0,0.0,0.0,0.0233177134285373,0.0,0.0004145741836477,0.0,0.0014051232404692,0.0,0.0,0.0001407340689033,0.0,0.0,0.0,0.0004579770435532,0.0,0.0,0.0002626346079976,1.9099623636890072e-05,0.0,8.012380813617973e-05,0.0,0.0,2.8708567417059224e-05,0.0,0.0,0.0,0.0,6.208855981032376e-06,0.0,0.0,0.0,0.0024832171666234,0.0,0.0,0.0,0.0,0.0,5.271614387705109e-05,0.024726828076423,0.0,0.0,0.0,0.0,0.0,0.0,0.0,0.0,0.0031560206271204,0.6377467813290613,0.0,0.0,0.0,0.0028416751185949,0.0,0.0,0.0,0.0,0.0,0.0,0.0,0.0,0.0,0.0,0.0,0.0,0.0042134774986327,0.0,0.053090774420554,0.0,0.0,0.0,0.0,0.0,0.0,0.0,0.0,0.0,0.0,0.0003574527086222,0.0,0.0,0.0,0.0,0.0,0.0,0.0,0.0,0.0,0.0,0.0,0.0
AS37raw,0.000231867947499,0.0,9.773130254091784e-05,0.0699603984463464,0.0231246537448117,0.0,0.0024642020513298,0.0396369710626677,0.0,0.0170383671062862,0.0109867569268881,0.0,0.0,0.0,0.0,0.0282498047658544,0.0,0.0006732271530604,0.0009018596189743,0.004645237718118,0.0051379941540527,0.0,0.0107472077979156,0.0,0.0,0.0,0.0044973441018392,0.0,0.0001656023208331,0.0,0.018780365210788,0.0,0.0,0.0,0.0043465113839677,0.0,9.407594929955929e-05,0.0,0.0,0.0,0.0,0.0030703485327448,0.0,0.0,0.0,0.0,0.0,0.0024078404560813,0.0,0.0,0.0007641664141055,0.0,0.0155282122509508,0.0023162096417202,0.0,0.0020489242851123,0.0,0.0,0.0,0.0003078400189208,0.0,0.0,0.0,0.0001341366449582,0.0,0.0173713747262405,1.7387626229165063e-05,0.0,0.0,0.0,0.0,0.0,0.0,0.0,0.0002458225054813,0.010715964407035,2.9637999254258627e-05,3.14656758749379e-05,0.0,0.0,0.0,0.0,0.0047656173917557,0.0,0.0,0.0,0.0058206313718765,0.0,0.0002641239700208,0.0,0.0,0.0,0.0,0.0,0.0,0.0,0.0,1.0521489735261814e-05,0.0,0.0,0.0,7.355163481598517e-05,0.0,0.0,0.0933709353922985,0.0,0.0,0.0,0.0,0.0,0.0,0.0060283196516507,0.0,0.0047784852230986,0.0,0.0,0.0,0.0,0.0,0.0,0.0,0.0,0.0,0.0,0.0,0.0,0.0,0.0,4.7544290470373216e-05,8.234424126141522e-05,2.1240566132218684e-05,0.0,0.0,0.0,0.0003593360426251,0.0004369135056731,0.0,0.0,0.0,0.0,2.3068242752897966e-05,0.0,0.0089793258407318,0.0,0.0,0.0,0.0,0.0,0.0,0.0,0.0,7.77997480424289e-06,0.0,0.0,0.0,0.0,0.0,0.0,0.001431737648975,0.56997330332519,0.0,0.0,0.0,0.0,0.0,0.0002301390642092,0.0,0.0,0.0,2.378449440154255e-05,0.0,0.0,0.0,0.0,0.0,0.0,0.0,0.0,0.0,0.0,0.0,0.0,0.0,0.0,3.307106750121025e-05,0.000150437544548,0.0,0.0004724297081128,8.19490679380251e-05,0.0001137111238054,0.0,4.248113226443738e-06,0.0,0.0,0.0,0.0,0.0,0.0056404817330759,0.0,5.458331529325964e-06,0.0,0.0
AS3raw,5.395593853825919e-05,0.0,0.0,0.1924381978409965,0.012405906029295,0.0,0.0022388393341856,0.1970428722340242,0.0,0.002981678739904,0.0029889086312895,0.0,0.0,0.0,0.0,0.0,0.0,2.4780899802136087e-05,0.0003044218577754,1.5558317504640078e-05,0.0103975546105885,0.0,0.0134019193701052,0.0,0.0,0.0,0.0237448027172128,0.0,0.0005635994129225,0.0,0.0710995949472512,0.0,0.007698122655235,0.0040505019409575,0.013559393046786,0.0,0.0,0.0,0.0,0.0,0.0,0.0404488664015706,0.0,0.0,0.0,0.0,0.0,0.0,0.0,0.000647343525862,0.0002530717458143,0.0,0.0072917925404382,0.0140466570693903,0.0,0.0058645915430707,0.0,0.0,0.0018626039616227,3.249619025599701e-05,0.0,0.0,0.0,0.000171805722855,0.0,0.0011848846730134,0.0,0.0,0.0073466426351548,0.0,0.0,0.0,0.0,0.0,0.0,0.0,0.0001949771415359,0.0,0.0074476567359977,0.0,0.0,0.0,0.0014674124780771,0.0,0.0,0.0,0.0012796652279267,0.0,0.0001084228234641,0.0,0.0,0.0,0.0,0.0,0.0,0.0,2.066778138136917e-05,0.0,5.717490078059852e-05,0.0,0.0,0.0,0.0,0.0,0.0,0.0,0.0,0.0,0.0,0.0,0.0,0.0,0.0,7.613101176326342e-06,0.0,0.002328025026154,0.0,0.0,0.0,0.0,4.312387511959352e-05,0.0,0.0,0.0,0.0,0.0,0.0,0.0,0.0001331015339887,0.0,0.0,0.0,0.0,0.0,0.0007600838463022,5.2550835972158695e-05,0.0,0.0,0.0,0.0,0.0,0.0,0.0703057119974044,0.015715075856378,0.0,0.0,0.0,0.0,0.0,0.0062679070741804,5.888657117930276e-05,0.25720760134941,0.0,0.0,0.0,0.0,0.0,0.0,0.0,0.0002424185136313,0.0,0.0,0.0,1.8342975317457427e-05,0.0,0.0001004009651776,0.0,0.0003972097217769,0.0,2.166412683733134e-05,0.0,0.0,0.0,0.0,0.0,0.0,0.0,0.0,0.0,0.0,0.0,0.0,0.0,0.0,0.0,0.0,0.0,0.0,0.0007618977059783,0.0008410433014289,0.0,0.0,0.0,0.0,0.0,0.0,0.0,0.0,0.0,0.0,0.0,0.0
AS40raw,0.0016488825085588,0.0,0.0203119014794678,0.1541294427742523,0.0510220020337351,0.0386445665313039,0.0116750428766996,0.1450463117396846,0.0007204863546884,0.0022597188883125,0.0008307493412053,0.004460054751426,0.0,0.0174145714474589,0.0,0.0045385795576416,0.0,0.0001922285674194,0.0002025904406142,0.0072514919762617,0.0008486453244903,0.0,0.0005786038352733,0.0095484463745476,0.0087194371952529,0.0,0.0011465491788442,0.0,0.0,0.0085727692305836,0.158778166671008,0.0008598377295062,0.0014885898671122,0.0030954514204436,0.0014475971893774,0.0010210400010424,0.0007942257156499,0.0,0.0,0.0,0.0,2.511370030065464e-05,0.000993573127249,0.0064967362966747,0.0,0.0007427722918843,9.907058150100764e-05,0.001669408509277,0.0,0.0,5.1572071168588425e-05,0.0,0.0004037768869598,7.577614137961306e-05,0.0,0.0059518876475536,0.0,0.0,0.0022995844157189,0.0009055960779281,0.0,0.0037745496060539,0.0,0.0010327267702374,0.0043416644178039,0.0005027288210578,4.028079331687677e-05,0.0,0.002026715163397,0.0,0.0,0.0,0.0001584536067,0.0,0.0,0.0265721537274061,0.0,5.685188060187566e-05,0.000647360005309,0.0,0.0001416847737434,0.0,0.0018092740228411,0.0,0.0001234723973836,0.0,0.004462803416262,0.0,4.57583484218227e-05,0.0,0.0,0.0,0.0,0.0,0.0,0.0,0.0,0.0021065450910457,0.0,0.0002140992387048,0.0,0.0012853666403486,0.0,7.316589851371823e-06,0.0004621514092334,0.0,0.0,0.0,0.0002545777776933,0.0059389748551942,0.0,0.0019726119476312,0.0019151470554472,3.895589731676349e-05,0.0,0.001266343506735,0.0,0.0008789597359556,0.0,0.0,2.6754989375421828e-05,0.0,0.0,0.0,5.766263785567632e-05,0.0,0.0,0.0,0.0,0.0,0.0,0.0,0.0,0.0,0.0,0.0,0.0,0.0007715442871106,0.0,0.000898081742405,0.0,0.0008714256258655,0.0195093308964738,9.41862634110378e-05,0.0,0.0001458572074154,0.0,0.0,0.0,0.0033506422097192,0.0001129918767856,0.0352483637188344,0.0,4.028079331687677e-05,0.0,0.0,0.0,0.0,0.0,0.1447989516790069,0.0,0.0,0.0108422567550761,0.0190984351653341,0.0,4.6687753078618585e-05,0.0,0.0012228196844029,0.0,2.115878686748068e-05,0.0209517273746867,0.0,0.0,0.0,0.0,0.0,0.0,0.0,0.0,0.0003695075620614,0.0,0.0,3.183705313705036e-05,2.8890642629335765e-05,0.0,0.0,0.0,0.0,7.791179463352698e-05,0.0004655130856517,0.0,0.0,0.0,0.0006105397612462,0.0,0.0001104607321884,0.0007940279699783,0.0,0.0,0.0003617757062995,0.0,0.0
AS41raw,0.0008371807605969,0.0,0.0,0.0374049964956852,0.1857241830582922,0.0,0.0,0.1233329007067557,0.0,0.0,0.0,0.0,0.0071003431480383,0.0,0.0,0.0,0.0,0.0,0.0,0.0,0.0002776464411867,0.0,0.0,0.0,0.0,0.0,0.0026429084642452,0.0,0.0,0.0,0.041317002104167,0.0,0.0016789186000566,5.287000585338049e-06,0.0098815619149097,0.0,0.0001231594949785,0.0,0.0,0.0,0.0,0.06420229705577,0.0,0.0,0.0,0.0,0.0,0.0,0.0,0.0,0.0,0.0,0.0005655512417181,0.0006563771771468,0.0,0.0,0.0002154452738524,0.0,0.0028392574076253,0.0,0.0,0.0,0.0,0.0,0.0,0.0,0.0,0.0,0.0020740429833541,0.0,0.0,0.0,0.0,0.0,0.0,0.0,1.369096420233062e-05,0.0,0.0,0.0,0.0,0.0,0.0048246642207186,0.0,6.84548210116531e-06,0.0,0.0004529657479101,0.0,0.0,0.0,0.0,0.0,0.0,0.0,0.0,0.0,0.0,0.0001265920998361,0.0,0.0,0.0,0.0,0.0,0.0100299135731252,0.0,0.0,0.0,0.0,0.0,0.0,0.0,0.0,0.0,0.0247300044207609,0.0,0.0036934433715975,0.0,0.0,0.0,0.0,5.6401248781647326e-05,0.0,0.0,0.0,0.0,0.0,0.0,2.239084203118913e-05,0.0,0.0,0.0,0.0,0.0,6.853373146815069e-05,8.210632998573493e-05,0.0,0.0,0.0,0.0,0.0,0.0,0.0,0.0081603275825562,2.2884032384299028e-06,0.0,0.0,0.0,0.0,0.0001869191438285,0.0,0.0,1.5545359930023816e-05,0.0,0.0,0.0,0.0,0.0,0.0,0.0002920475994975,0.4435232043200642,0.0,0.0,0.0,0.0,0.0,0.0,0.0,0.0,0.0,0.0,0.0,0.0,0.0,0.0,0.0,0.0,0.000938067779229,0.0,0.0159448243884285,4.063888509625515e-05,0.0,1.534808378877986e-05,0.0,0.0,0.0,0.0,0.0,0.0,5.805836836809658e-05,0.0015564890268006,0.0,0.0,0.0,0.0,0.0,0.0,0.0042246882923533,0.0,0.0,5.494140533644205e-05,0.0,0.0
AS43_12,0.0,0.0613294538803828,0.0004231424665998,0.0864146541308252,0.1153589828782587,0.0,0.0180299283417431,0.2044500510868165,0.0,0.0,0.0,0.0,0.0,0.0054997127711636,0.0014295193940437,0.0352921830800907,0.0,0.0206024556272166,0.0375925877322273,0.0554625506680192,0.0219633641665844,0.0,0.0156533175373648,0.0146589243016355,0.0,0.0,0.0056834767761539,0.0,0.0010008070425623,0.0,0.0189836867354963,0.0,0.0010424123947829,0.0137664768376759,0.0008247227273329,0.0010839333548083,0.0049376607513081,0.0,0.0003784146031579,0.0,0.0,0.0020584100324766,0.0042106219898886,0.0004746217056556,0.000683703369198,0.0,0.0,0.0009127859829964,0.0,0.0021093407222638,0.0012045719978087,0.0,0.0012917913315205,0.0010751143704126,0.0,0.0,0.0016700793463857,0.0,0.0001869709084068,0.0009117732766543,0.0001414413191107,0.0004763517456567,0.0,0.000240855325025,0.001027896937213,0.0456027151332169,0.0017562015815603,0.0,0.045850110853368,0.0,0.0,0.0,0.0,0.0001301327649574,0.0,0.0036730859027309,4.059264587845e-05,6.160630247664968e-05,0.0018600461777213,0.0003709036977874,0.0,0.0,0.0014176200945242,0.0,0.0,0.0,0.000343982587527,0.0,0.0,0.0,0.0,0.0,0.0,0.0,1.1097573665314297e-05,0.0,0.0,0.0115235010743548,0.0,0.0,0.0,0.0,0.0,0.0,0.0,0.0,0.0,0.0,0.0002712787113851,0.0,0.0,0.0,0.0,0.0,0.0,0.0,0.0,0.0192985962117861,0.0,0.0,0.0,0.0,0.0,0.0,0.0,0.0,0.0,0.0,0.0,0.0,0.0,0.0,2.341883416064424e-05,0.0,0.0,0.0,0.0013485028866771,0.0,0.0,0.0,0.0,0.0,0.0001797553757194,0.0113123518020307,0.0,0.0003487085504568,0.0,0.0,0.0,0.0442664491148399,0.0,0.0,0.0,0.0,0.0,0.0,0.0,0.0,0.0,7.582638736338319e-05,0.0,0.0,0.0072160390405045,0.041213645846634,0.0,0.0002706879660189,0.0,0.0,0.0,0.0,0.0,0.0,0.000182962279136,0.0,0.0,0.0,0.0,0.0,0.0,0.0,0.0,0.0,0.0,0.0,0.0,0.0,0.0,0.0,0.0,0.0,0.0,0.0,0.0,0.0,0.0,0.0,0.000811430956593,0.0,0.0,0.0,0.0,0.0
AS43_24,0.0,0.0895002763085185,0.0055694595698161,0.0510510441429652,0.0382489411658912,0.0,0.0248746155338191,0.0315501456828166,0.0,0.0,0.0,0.0001665693356622,0.0,0.0060861591129267,0.0009810651549601,0.0032427693171545,0.0,0.0005354686553211,0.002274670011298,0.0,0.0117185657888751,0.0,0.005273388588066,0.0008386499414183,9.002900063103995e-05,0.005440271613626,0.0020288416948246,0.0,0.0060681219438107,0.0,0.0109016650136951,0.0,0.0003203296671697,0.0312972593436457,0.0,0.0,0.0134886133181228,0.0,0.0110997601840732,0.0,0.0,0.0081299010778906,0.0079163305392276,0.0026945962209777,0.2628066253397666,0.0055536182299837,0.0,0.0,0.0,0.0033394903689359,0.000725773859907,0.0,0.0035798291122,0.007021320979528,0.0,0.0,0.0,0.0,0.0010669639052718,0.0477329369687205,0.0360138483633491,0.0296906965327332,0.0,0.0,0.004244799413609,0.0435351387581122,0.0065370360591764,0.0,0.0234678209060723,0.0050162674352766,0.0,0.0,0.0028453242168077,0.0011907668515519,0.0,0.0023322321075203,0.0,0.0004880491991235,0.0007352368384868,2.817980914061007e-05,0.0,0.0,0.0098887080524719,0.0001703858960838,0.0,0.0,0.0003080957611606,0.0,0.0,0.0,0.0,0.0,0.0003478298148654,0.0,0.0,0.000219896618266,0.0,0.030112086628602,0.0,0.0,0.0,0.0,0.0001998727464647,0.0,0.0252962147562864,0.0,0.0,0.0,0.0,0.0,7.178270491661897e-05,0.0,0.0,0.0,0.0,0.0,0.0,0.0044616114145479,0.0,0.0,0.0,0.0,0.0,0.0084343371235786,0.0,0.0,0.000504256510503,0.0,0.0,0.0,0.0,0.0,0.0,0.0,0.0,0.0,0.0,0.0,0.0,0.0,0.0,0.0,3.079389162118614e-05,0.0140210496377665,0.0,0.0,0.0,0.0,0.0,0.0061328989076794,0.0,0.0,0.0,0.0,0.0,0.0,0.0,0.0,0.0,0.0,0.0,0.0,0.0117885186360553,0.0168821106311074,0.0,0.0009156085296465,0.0,0.0,0.0,0.0,0.0,0.0,0.0075162190747506,0.0006878173822891,0.0,0.0,0.0,0.0,0.0,0.0,0.0025151655995109,0.0,0.0,0.0,0.0,0.0,0.0,0.0,0.0,0.0,0.0,0.0,0.0,0.0,0.0,0.0,0.0001552764993461,0.0,0.0,0.0,0.0,0.0
AS43_3,0.0,0.107166235788362,0.0022928439779941,0.0670708495736075,0.2068603574091658,0.0,0.0382268178819676,0.0769852828593486,0.0,0.0,0.0,0.0,0.0,0.0143827753945095,0.0019118220120718,0.0,0.0,0.0192340404719255,0.0536106472299387,0.0022136590002903,0.0010194772514748,0.0,0.0143571470614768,0.0032788776630113,0.0,0.0025355855975527,0.0043977703162508,0.0,0.0028532408059763,0.0,0.016456182638203,0.0,0.0012867676222717,0.0073477979770139,0.0,0.0001083102169836,0.0019187454170578,0.0,0.0053385789117495,0.0,0.0,0.0009826541246173,0.0051044270082074,0.0037531895774732,0.1156206285738267,0.0036944227771856,0.0,3.464049409924074e-05,0.0,0.0029121014829416,0.0005247471595967,0.0,0.0056748217023727,0.0286500355370162,0.0,0.0,0.0,0.0,0.0005358715459132,0.0060520181936756,0.0241007013244966,0.0080292253118183,0.0,0.0,0.0099554808630983,0.0168009447373344,0.0034931042416956,0.0,0.0166464941332239,0.0011492148201608,0.0,0.0,0.0001433496869634,0.0006086494403588,0.0,2.5722209710547327e-05,0.0,0.0002070215436648,0.0062496286003934,4.9050564137813794e-06,0.0,0.0,0.0042390013849626,0.0001970002083123,0.0,0.0,1.3213142396932618e-05,0.0,0.0002899146501407,0.0,0.0,0.0,0.000922479174163,0.0,0.0,0.0001432558102857,0.0,0.0170648320785619,9.150629166188324e-05,2.4431405391131177e-05,1.1922338077516462e-05,0.0,5.775762600151184e-05,0.0,0.0,0.0,0.0,0.0,0.0,0.0,0.0,0.0,0.0,0.0,0.0,0.0,0.0,0.0,0.0,0.0,0.0,0.0,0.0,4.51546820101214e-05,0.0,0.0,0.0001791871087043,0.0,0.0,0.0,0.0,0.0,0.0,0.0,0.0,0.0,0.0,0.0,0.0,0.0,0.0,0.0,0.0002559782311249,0.0027320929533067,0.0,0.0,0.0,0.0,0.0,0.0049265307038225,0.0,0.0,0.0,1.560699768021348e-05,0.0,0.0,0.0,0.0,0.0,0.0,0.0,0.0,0.0155758540923612,0.0406992244753772,0.0,3.433539489646965e-05,0.0,0.0,0.0,0.0,0.0,0.0,0.0003367591123508,0.0,0.0,0.0,0.0,0.0,0.0,0.0,0.0001328354990525,0.0,0.0,0.0,0.0,0.0,0.0,0.0,0.0,0.0,0.0,0.0,0.0,0.0,0.0,0.0,0.0002033134148926,0.0,0.0,0.0,0.0,0.0
AS43_6,0.0,0.0431005882645721,0.000403881524091,0.2050192506455871,0.0634174727512103,0.0,0.029264202355422,0.1627901808640149,0.0,0.0,0.0,0.0,0.0,0.0060270109970633,0.0016937638362194,0.0008406395452489,0.0,0.0248632462569484,0.0447294730388587,0.0429186855194095,0.0118099868310901,0.0,0.0099629519332295,0.0051872869998339,0.0,0.0021886591566203,0.0016868972260725,0.0,0.0006325188340711,0.0,0.011572651814924,0.0,0.0003262680215222,0.0024395193139848,0.0,0.0015147325825728,0.0017182755536526,0.0,0.000902230957475,0.0,0.0,0.0010950786630534,0.0041716945512074,0.0014920519611787,0.027960586823,0.0,0.0,0.0006915300655148,0.0002985518860205,0.0018920215982771,0.0007116305061265,0.0,0.0015903485258261,0.0010963687534447,0.0,0.0,0.0002549385076334,0.0,0.000251858937022,0.0030041211313309,0.0930182222354657,0.0010316561547881,0.0,0.0003704640213764,0.0003413745638453,0.0322571704472419,0.0010445570587004,0.0,0.0247398137375815,0.0001675452875827,0.0,0.0,0.000192639626483,2.7591288044557696e-05,0.0,0.0015748674411314,9.842141210464396e-05,4.831596594227977e-05,0.0004875709362443,0.0035445025419774,0.0,0.0,0.0026906291662635,0.0,0.0,0.0,0.0004701755238724,0.0,0.0002701282815945,0.0,0.0,0.0,7.907005623628903e-06,0.0,0.0,0.0,0.0,0.003511792508187,0.0,0.0,0.0,0.0,0.0001900178298814,0.0,0.0,0.0,0.0,0.0,0.0,0.0,0.0,0.0,0.0,0.0,0.0,0.0,0.0,0.0120336302427816,0.0,0.0,0.0,0.0,0.0,0.0,0.0,0.0,0.0,0.0,0.0,0.0,0.0,0.0,0.0,0.0,0.0,0.0,0.0,0.0,0.0,0.0,0.0,0.0,0.0004429587781994,0.0084780162771119,0.0,0.0003448702926473,0.0,0.0,0.0,0.0054760175525536,0.0,0.0,0.0,0.0,0.0,0.0,0.0,0.0,0.0,0.0,0.0,0.0,0.0371018760244774,0.0499780601401854,0.0,0.0002282211517893,0.0,0.0,0.0,0.0,0.0,0.0,0.0,0.0,0.0,0.0,0.0,0.0,0.0,0.0,0.0001942210276077,0.0,0.0,0.0,0.0,0.0,0.0,0.0,0.0,0.0,0.0,0.0,0.0,0.0,0.0,0.0,0.0001156087453812,0.0,0.0,0.0,0.0,0.0
AS43raw,3.660656356484002e-05,6.192343913069829e-05,0.0014655813380058,0.1222441222187657,0.1390276521425334,0.0003928411788671,0.0158464458563547,0.2028762728124137,0.0003390902749427,0.0002908743154003,0.0002891558850145,3.640674607813238e-05,0.0088766920295002,0.0002067511534963,0.0,0.0655789601777737,0.0,0.0012935185002018,0.0248541582118892,0.0001513817279297,2.76347584116669e-05,0.0,1.0790144282212673e-05,6.1523804157283e-05,0.0002842203930929,0.0001935432176249,1.2408665924544573e-05,0.0,0.0,0.0002290507850129,0.1730890005069375,0.0,0.0069183208057759,0.01773865751023,0.0013499869219454,1.5186128989780797e-06,0.0008640507760211,0.0,0.0,0.0,0.0,0.0116659443264521,0.0011088471789866,5.55492613047245e-06,8.17253520634256e-06,0.0,0.0,0.0,0.0,0.0,0.0,0.0,0.0019634266061379,0.0003618894501761,0.0,0.0004052498447917,0.0003444254018379,0.0,0.0,0.0011481712603707,0.0,1.290820964131368e-05,0.0,0.0011311268287545,9.904952816097818e-05,1.552581871718379e-05,0.0,0.0,2.985273251412172e-05,0.0,0.0,0.0,0.0,0.0,0.0001122574640322,0.0080437927996567,0.0004161398978172,4.689716413028359e-05,0.0,0.0,0.0333996327754229,0.0,0.0057827380470677,0.0,0.0,0.0,0.0035342917778899,0.0,0.0011001751000635,0.0,1.0190691822089746e-05,0.0,0.0,0.0,6.506057367200824e-05,0.0,0.0,0.0008772786936412,0.0002192597281642,0.0,0.0,0.0,0.0,0.0,2.6535762234774863e-05,0.0,0.0009726915435441,0.0001183119338795,0.0,0.0,0.0,0.0002544675693221,0.0,0.0,0.0,0.0177570207372584,0.0,0.000203434183217,0.0,0.0,0.094198778835412,0.0,0.0136441973901037,0.0,0.0,2.1580288564425346e-05,0.0,0.0,2.8174265625777526e-06,3.944397187608855e-05,2.995264125747554e-05,1.6444979156038944e-05,4.993438992823976e-05,0.0,0.0,0.0,0.0,9.874980193091668e-05,0.0,0.0007426216893488,0.0,0.0,0.002099182606607,7.161458723601891e-05,0.0,0.0002748489529663,0.0,0.0,0.0004182579631763,4.074278553968821e-05,3.436860771371444e-06,0.0042774329927043,0.0,0.0001377741570848,2.3698353923526343e-05,0.0,0.0,0.0,0.0001811345517004,0.0014552907374403,0.0,0.0,0.0009354655457704,0.0001105390336466,0.0,0.0002930922895027,0.0,0.0,0.0,7.153466024133585e-06,0.0005186262867496,1.936231446197052e-05,0.0,0.0,0.0,0.0,0.0042823684846261,0.0,0.0,0.0,0.0,2.4817331849089145e-05,0.0,0.0,0.0,3.722599777363371e-05,0.0,0.0,0.0,9.271531383234593e-06,0.0,0.0,0.0,0.0,0.0,0.0,0.0,0.0,0.0,0.0,4.467919002782876e-05,0.0
AS44_12,0.0,0.0108670111162048,0.0001182018596775,0.0224125180238816,0.3436283539539959,0.0,0.0120767496181262,0.0393866569214321,0.0030347828228638,0.0334846944757699,0.0008350205388806,0.0,0.0,0.001857376285778,0.0,0.0,0.0,0.0025765723153366,0.0020025848454945,0.0,0.0137300066023774,0.0,0.0001633715164328,0.0,0.0005202118047996,0.0004845040024594,0.0001994121478228,0.0,0.0008787637854226,0.0,0.0,0.0,0.0030103912082159,0.0060392782021981,0.0,0.0005209250099063,0.0,0.0,0.0,0.0,0.0,0.0134339789361052,0.0005446985134618,0.0054799352105462,0.0266367843236375,0.0024293667813214,3.062027257938435e-05,8.187594624487554e-05,0.0001869548319597,0.0003229392722967,0.0,0.0,0.0001644650975963,8.972120241816501e-05,0.0,0.0,0.0,0.0,0.0002768662224064,0.0010723276513708,0.0,0.0001543375850817,0.0,0.0,0.0003097687513271,0.0,0.0030389194124824,0.0,0.0026301577923506,0.0001365550044222,0.0,0.0,0.0,0.0001706937555278,0.0,0.0,0.0,0.0001668899949589,0.0,0.0005110827794343,0.0,0.0,0.0056132094714778,3.342554599892423e-05,0.0,3.3615734027367604e-05,6.143073318721209e-05,0.0,0.0,0.0,0.0,0.0,0.0,0.0,0.0,0.0,6.513939974185801e-06,0.0218112385719579,0.0,0.0,0.0,0.0,0.0,0.0397550511325269,0.0532896870826859,0.0,0.0,0.0,0.0,0.0069853685496897,0.0,0.0,0.0,0.0,0.0,0.0112581803437058,0.0,0.0,0.0,0.0,0.0,0.0,0.0,0.0007840501472577,0.0,0.0,0.0005219234970556,0.0,0.0,0.0,0.0,0.0,0.0,0.0,0.0,0.0,0.0,0.0,0.0,7.326993795781257e-05,0.0,0.0,0.0001580462516364,0.0,0.0,0.0003968748683542,0.0001107845265682,0.0,0.0,0.0,0.0,0.0,0.0004122325516509,0.0,0.0,0.0,0.0,0.0,0.0,0.2323805768954455,0.0,0.0,0.0,0.0044482127032479,0.0,0.0,0.0,0.0,0.0,0.0,0.0,0.0,0.0,0.0003192306057421,0.0,0.0,0.0,0.0,0.0,0.0,0.0,0.0,0.0,0.0,0.0,0.0,0.0006582883134495,0.0,0.0,0.0,0.0,0.0,0.0,0.0,0.0,0.0,0.0,0.0,0.0651924622017935,0.0,0.0,0.0
AS44_24,0.0,0.0100941775306388,0.0002422427283349,0.0440916932302918,0.288847619793184,0.0,0.0356834292722586,0.0465414384396653,0.0083863994239586,0.037444365208868,0.0014312860382564,0.0,0.0,0.003753411682776,0.0,0.0017151172509847,0.0,0.0189023229207184,0.0167318219588828,0.0,0.019525691490099,0.0,0.0001130941750842,0.0,0.011633053385751,0.0,0.0023125949501794,0.0,0.0006650080200537,0.0,0.0,0.0,0.0016301564624019,0.001978867749435,0.0,0.0055743858971002,0.0,0.0,0.0,0.0,0.0,0.0061537705669325,0.000320883698211,0.0043709191299688,0.0556195522143422,0.0046641281381976,0.0001560077827547,0.0003075814991587,0.0,0.0015647157590183,0.0,0.0,0.0005018139918339,0.004665860991714,0.0001474454477326,0.0,0.0,0.0,0.0007332518688315,0.0014605406829154,0.0,0.0008580682882912,0.0,2.2221298033680244e-05,0.0070553640582531,0.0,0.0016136433877163,0.0,0.0086869475764921,0.0001493821663685,0.0,0.0,0.0,3.455513776797065e-05,0.0,0.0097596858356961,0.0,0.0,0.0,0.0003620644523652,0.0,0.0,0.0048859333882953,0.0,0.0,9.785525739602308e-05,0.0001631940282198,0.0,3.628799128435857e-05,0.0,0.0,0.0,0.0,0.0,0.0,0.0,3.924403551819676e-06,0.0228467052542564,0.0,0.0,0.0,0.0,0.0,0.0248427996062956,0.0315022576023341,0.0,0.0,0.0,0.0,0.0140712802158686,0.0,0.0,0.0,0.0,0.0,0.0475196852159462,0.0,0.0,0.0,0.0,0.0,0.0,0.0,0.0005039036093095,0.0,0.0,3.353581217009542e-05,0.0,0.0,0.0,0.0,0.0,0.0,0.0,0.0,0.0,0.0,0.0,2.5839903906137352e-05,0.0003632366768028,0.0,0.0,0.0041450875437596,0.0,0.0,0.0002458613342074,0.000225933518769,0.0,0.0,0.0,0.0,0.0,0.0003236868436051,0.0,0.0,0.0,0.0,0.0,0.0,0.1599587397384497,0.0,0.0,0.0,0.0049446465427329,0.0,0.0,0.0,0.0,0.0,0.0,0.0,0.0,0.0,0.0,0.000139545674349,0.0,0.0,0.0,0.0,0.0,0.0,0.0,0.0,0.0,0.0,0.0,0.0,0.0,0.0,0.0,0.0,0.0,0.0,0.0001094755692117,0.0,0.0,0.0,0.0,0.0165040026877576,0.0,0.0,0.0
AS44_3,0.0,0.023264428913413,0.0,0.0187771884182879,0.2299688709420953,0.0,0.0471527985905816,0.1439270652360468,0.0061429051935161,0.0211556608560273,0.0151434945530059,0.0,0.0002021674478487,0.0048373882093815,0.0,0.0,0.0,0.0026280290388119,0.0123935936170258,0.1515365711257994,0.005833053037822,0.0,0.0,0.0,0.0,0.0,0.0030682259964086,0.0,0.0001718226262417,0.0,0.0,0.0,0.0018848764758863,0.0011362066726685,0.0,0.0031291619449926,0.0,0.0,0.0,0.0,0.0,0.0013861573623335,0.000131231501235,0.0003456156954451,0.052765359061013,0.0048003438817055,0.0001760098175349,0.0001530048959595,0.0,0.000746453054886,0.0,0.0,0.0024209354835594,0.0150544305311466,0.0,0.0,0.0,0.0,0.0004991132021451,0.0016114775149797,0.0,0.000592906287112,0.0,0.0001387684455627,0.0043468956951929,0.0,0.0054213782420928,0.0,0.0022199995625616,0.0019827582299983,0.0,0.0,0.0023425118536921,0.0,0.0,0.0,0.0,0.0001904433122278,0.0011766500144531,8.98521990439021e-05,0.0,0.0,0.0050797526936447,0.0,0.0,0.00011128076625,0.0011322657867456,0.0,0.0002116748351378,0.0,0.0,0.0,0.0003073891019922,0.0,0.0,0.0,3.399014108568665e-06,0.0026829551363635,0.0,0.0001900492236355,0.0,0.0,9.999998029557088e-05,0.0199840847321999,0.001374925837453,0.0,0.0,0.0,0.0001952708974835,0.0060661564401661,0.0,0.0,0.0,0.0,0.0,0.0124808842402197,0.0,0.0,0.0,0.0,0.0,0.0,0.0,0.0005264530982357,0.0,0.0,0.0019089158800165,0.0,0.0,0.0,0.0,0.0,0.0,0.0,0.0,0.0,0.0,0.0,0.0,0.0006687190800552,0.0,0.0,0.0184338387322484,0.0,0.0,0.0002390639923025,0.0,0.0,0.0,0.0,0.0,0.0,0.0,0.0,0.0,0.0,0.0,0.0,0.0,0.124431650358296,0.0,0.0,0.0,0.0095908355486038,0.0,0.0,0.0,0.0,0.0,0.0,0.0,0.0,0.0,0.0,0.0008104924511344,0.0,0.0,0.0,0.0,0.0,0.0,0.0,0.0,0.0,0.0,0.0,0.0018179306762698,0.0,0.0,0.0,0.0,0.0,0.0,0.0001078817521415,0.0,0.0,0.0005983250052561,0.0,0.0,0.0,0.0,0.0
AS45_0,0.0329257933115097,0.0073254265924095,0.0900345875630425,0.0789036531772616,0.0421253607750701,0.0,0.1148210453305123,0.1524510365443701,0.0004898904251515,0.0364066921118391,0.0384014357784948,0.0018267067239182,0.0004701097952891,0.0108230060731454,0.0,0.0001688734370349,0.0,0.00017822249095,0.0078606845318229,0.0,0.0009134517730529,0.0,0.0,0.0002997109862995,0.0002524736612547,0.0002116330573098,0.0023435617887829,0.0004122440721092,0.0021748851739356,0.0051174260853956,0.0161627920250798,0.0,0.0032689705097379,0.0138976146725429,0.0002355961586606,0.0063225683405999,0.0030977844119976,0.0,0.0026330872268697,0.0,0.0,0.0014804964957776,0.0017063991616948,0.0009362339412777,0.0,0.0150075441944539,0.0002500625894556,0.000780301563083,0.0,0.0005309278512842,0.0,0.0,0.0014933391435242,0.0395782848442192,0.0,0.0,0.0,0.0,0.0019545427348206,0.0059384698413297,0.0,0.0040119250627074,1.4368019701113798e-05,0.0,7.375911483551228e-05,0.0,0.0014982596982164,0.0,0.0100139192651131,0.0044942870391801,0.0,0.0,0.0004878729977278,0.0,0.0003328263193777,0.0062170224424531,0.0,0.0,0.0011226737585636,7.474322577394472e-05,0.0,0.0,0.0119202897694976,0.0,0.0,0.0,0.0009979376971173,0.0,0.0005510037144282,0.0,0.0,0.0,0.0,0.0030139873655901,6.170375583971473e-05,0.0,5.520862364606054e-05,0.0208759453369674,0.0,0.0,0.0,0.0,0.0003331707582062,0.0310706949870176,0.0,0.0,0.0,0.0043561178634242,0.0,0.0090150466626042,0.0,0.0029990288793258,0.0,0.0,0.0,0.0260704273088424,0.0,0.0004153440215653,0.0,0.0,0.0,0.0,0.0,0.0,0.0,0.0,0.0,0.0,0.0,0.0,0.0,0.0,0.0001127791135442,0.0,0.0,0.0,0.0,0.0,0.0,0.0018007261951436,0.0,0.0,0.0003464070503281,2.3175812600084244e-05,0.0,0.0003794239723126,0.0,0.0,4.817223043626852e-05,0.0092217591652219,0.0004112107556239,0.0006806603305667,0.0001772875855585,7.725270866694747e-06,0.0,0.0,0.0,0.0,0.0,0.0,0.0,0.0,0.0,0.0582540533561335,0.0,0.0,0.0,0.0,0.0,0.0,0.0181306694631163,0.0,5.22562908307632e-05,0.0,0.0,0.0,0.0007334086768667,0.0,0.0139929258169301,0.0,0.0,0.0,0.0,0.0,0.0,0.0,0.0,0.0,0.0,0.0,0.0,0.0,0.0,0.0,0.0,0.0,0.0,0.0129329891306914,0.0004038791291326,0.0,0.0,0.0
AS45_24,0.5406481639744461,0.0034989999711008,0.020747443848353,0.0598297356393497,0.0174847938346179,0.0,0.0050792680155874,0.038023658845596,0.0010557322868329,0.0048020402587773,0.0,6.972323742287906e-05,0.0,0.003112191779512,0.0,0.0047024509812874,0.0,0.0001758121387403,0.0006293891932848,0.002404216225403,0.0013717429230108,0.0,0.0,0.0,0.0062973834663105,0.0078676603535085,0.0,0.0,8.637516623728004e-05,0.0,0.0050685785516065,0.0,0.0010632525127491,0.0051560280358318,0.0,7.305362318575924e-05,0.0037304617816209,0.0,0.0,0.0,0.0,0.0005699256926476,0.0003743461029275,0.0283462561253582,0.0,0.0064964545894917,0.0003278818499454,0.0,0.0,0.0001475038597558,0.0,0.0,0.0054034971843736,0.0,0.0,0.0,0.0,0.0,0.0002974786508842,0.004806015235333,0.0,0.0018124818775984,0.0,0.0,0.0075799042804158,0.0,0.0004373548529252,0.0,0.0005649301140033,0.0001558835400625,0.0,0.0,0.0,4.2650424124627095e-05,0.0,0.0023430875318844,0.0,0.0,0.0,3.5559925403656336e-05,0.0003437280402688,0.0,0.0048102050754863,4.286528772223226e-05,1.5094167731763493e-05,0.0,0.0,0.0,0.0,0.0,0.0,0.0,0.0,0.0053292080955017,0.0,0.0,0.0,0.0285650409836197,0.0,0.0,0.0,0.0,0.0,0.034712718238299,0.0002044964290206,0.0,0.0,0.0015363284387763,0.0,0.0,0.0,3.899774296533912e-05,0.0,0.0152820659478691,0.0,0.000531035381481,0.0,0.0007741535421713,0.0,0.0,0.0001181212627833,0.0,0.0,0.0,0.0,0.0,0.0,0.0,0.0,0.0,0.0,2.0841768967701908e-05,0.0,0.0025223374881865,0.0,0.0,0.0,0.0,0.0,0.0003093498646519,0.0,0.0,0.0011184187414343,0.0,0.0,0.0,0.0,0.0,0.0,0.0041970380838206,0.0,0.0004935416836989,0.0,0.0,0.0,0.0,0.0,0.0,0.0,0.0,0.0,0.0,0.00011124562766,0.0034819183150911,0.0,0.0,0.0,0.0,0.0,0.0,0.0835189844343143,0.0,0.0,0.0,0.0,0.0,0.0002396266272291,0.0,0.0047078762871269,0.0,0.0,0.0,0.0,0.0,0.0,0.0,0.0,0.0,0.0,0.0,0.0,0.0,0.0,0.0,0.0,0.0,0.0,0.0,0.0142553939626122,0.0,0.0,0.0
AS45_6,0.6652759710617329,0.0028637130154835,0.0172816032637086,0.0307536585389668,0.0068534758439269,0.0,0.0600397417858026,0.0203559965667783,0.0002517695835704,0.0121655172144425,0.0,0.0002695410946663,0.0002590344210734,0.004217589694867,0.0,0.0138725196780426,0.0,0.000139320835339,0.0005594706042606,0.0027434916722893,0.0011381578754646,0.0,0.0,0.0100878908633926,0.0002172420762982,0.0,9.76066070963014e-05,0.0,5.5736145788884406e-05,0.0,0.0093331679866732,0.0,0.0014212131302173,0.0046003997613539,0.0,0.0,0.0019008486384776,0.0,0.0,0.0,0.0,0.0009978215252057,0.0,0.0016222069677992,0.0,0.0005822806316892,0.0,0.0,0.0,0.0006592254159948,0.0,0.0,0.0045860653776787,0.0007232419142065,0.0,0.0,0.0,0.0,0.0002038060327444,0.0020348184913548,0.0305636400741716,0.0030751354101263,0.0,8.530325326063316e-05,0.0017641447069702,0.0,0.0002805555257193,0.0,0.0030028385594919,7.17890931744706e-05,0.0,0.0,0.0,0.0,0.0,0.0003941369636688,0.0,0.0,0.0002505587773199,0.0063213460259678,0.0,0.0,0.0008104590225082,0.0,0.0,0.0,0.0002313811686428,0.0,0.0,0.0,0.0,0.0,0.0,0.0011121841284782,8.788109882620175e-06,0.0,0.0,0.0202454616735881,0.0,0.0,0.0,0.0,0.0,0.0366298184474144,0.0002364196849755,0.0,0.0,0.0,0.0,0.0,0.0,0.0,0.0,0.0012570512376099,0.0,0.0005858349339084,0.0,0.0002870001396332,0.0,0.0,5.433004820766518e-05,0.0,0.0,0.0,0.0,0.0,0.0,0.0,0.0,0.0,0.0,0.0,0.0,0.0001082304554876,0.0,0.0,0.0,0.0,0.0,0.0010366845000199,0.0,3.827710082207898e-05,0.0,0.0,0.0,0.0,0.0,0.0,0.0,0.0027688404870174,0.0,0.0005037735167378,0.0,0.0,0.0,0.0,0.0,0.0,0.0,5.15569113113717e-06,0.0,0.0,3.249647743262216e-05,0.0034470482203589,0.0,0.0,0.0,0.0,0.0,0.0,0.0,0.0,0.0,0.0,0.0,0.0,0.0,0.0,0.0009869242689512,0.0,0.0,0.0,0.0,0.0,0.0,0.0,0.0,0.0,0.0002152501047249,0.0,0.0,0.0,0.0,0.0,0.0,0.0,0.0,0.0,0.0054249978762067,0.0,0.0,0.0
AS45raw,0.0007639783240223,0.0,0.0,0.0470746528653912,0.001436532766797,3.386951641492809e-05,0.001063510142528,0.1096069024059503,0.0,0.0,0.0,0.0,0.0001256780703746,0.0,0.0,0.0010834764880619,0.0,0.0010349894085863,0.0004945975190477,0.0025788824975618,0.0004438390387959,0.0,0.0,0.0,0.0,0.0,0.0432426715314697,0.0,0.0,0.0,0.0001043745292224,0.0,0.0091058808526097,0.0,0.0430706678759066,0.0,9.29442543479422e-05,0.0,0.0,0.0,0.0,0.0058723403522608,0.0,0.0,0.0,0.0,0.0,0.0,0.0,0.006095395572047,0.0,0.0,0.0084817951715624,0.0583926765789254,0.0,0.0,0.0,0.0,0.000962725891952,0.0001823898187903,0.0,0.0,0.0,6.02104383211837e-05,1.0807471435807234e-05,0.0,0.0,0.0,0.0,0.0,0.0,0.0,0.0,0.0,0.0,0.0063102261228929,5.372595545969935e-05,9.342051580104556e-07,0.0,0.0,0.0,1.6064665168140587e-05,0.0005709642112781,0.0,0.0,0.0,0.0118631598998553,0.0,0.0,0.0,0.0,0.0,0.0,0.0,0.0,0.0,5.8781653961873584e-05,0.0107552841711959,0.0,0.0,0.0,0.0,0.0,0.0,0.0021967925879355,0.0,1.8519243426442567e-05,0.0,0.0,0.0,0.0,0.0,0.0,0.0630156182799624,0.0,0.0002276896100797,0.0,0.0001210436800809,0.0,0.0,0.0,0.0,0.0,0.0,0.0,0.0,0.0,7.772220559683067e-05,0.0001931057014851,0.0,0.0,0.0,0.0,1.1943171823976809e-05,0.0,0.0,0.0,0.0,0.0,0.0,0.0,0.0,0.0343789879455112,0.0347761899973993,0.0,0.0,0.0,0.0,0.0,0.0,0.0,0.0,0.0,0.0,0.0,0.0,7.070650803765411e-05,0.0,0.0,0.4846419877629029,0.0,0.0,0.0004254297018586,0.0,0.0,1.1833265334799108e-05,0.0,0.0,0.0,0.0,0.0,0.0,0.0,0.0,0.0,0.0,0.0,0.0,0.0,0.0,0.0,0.0,0.0,0.0,0.0,0.0,0.0,0.0,0.0,0.0014310740778345,0.0,0.0,0.0,3.2422414307421706e-05,0.0,0.0,0.0,0.00053083002498,0.0,0.006793173554088,0.0,0.0
AS49raw,0.000217249978502,1.563906326138685e-05,4.8453578696936086e-05,0.181077192077279,0.0657301802963856,0.0039526012554819,0.0056393040387536,0.1363706595580021,0.0003503196032905,0.0051556167053629,0.0006323042967293,6.874767105225479e-05,0.0,0.0,0.0,0.0337262590649812,0.0,0.0027608908762575,0.0013918995614411,0.0231393241035341,0.0294573680740678,0.0,0.019188029925187,0.0016454037320491,0.0202958580560094,0.0,0.0144394874881761,0.0,0.0017350646372573,0.0238605555077822,0.1522393097715488,0.0,0.0033601742769512,6.351936251325742e-06,0.0002305959239831,0.0,0.0023199013959353,9.853527101785818e-05,0.0,0.0,0.0,0.0,0.0007967667039297,0.0012929744604007,0.0085627311032762,0.0010648092412646,0.0,0.0075388310832114,0.0,0.0019364691718978,0.0006093731189267,0.0,0.0078707598819043,0.0116039785593487,0.0,5.43239602144068e-05,0.0002279588385358,0.0,0.0050223406999741,0.0001638432653996,0.0,0.0012904520308423,0.0,0.0,0.0006919712213717,0.0021426204603433,0.0,0.0,0.0021022386562329,0.0,0.0,0.0,0.0,0.0004690572419525,0.0,0.0242216986269956,0.001495892452776,0.0001351792931463,0.0034235789835754,0.0,0.0,2.240376071315976e-05,0.0002654283830653,0.0014212744002063,0.0,0.0,0.0016759939232378,0.0,2.1899274801502105e-05,0.0,3.432797317052215e-05,0.0,0.0,0.0,0.0,0.0,0.0,0.0343620947630923,0.0,0.0,3.776764984091516e-05,0.0,0.0,0.0,0.0139729526757817,0.0,0.001711628973543,0.0,0.0,0.0,0.0001027775389112,0.0036690113795969,0.0,5.159515005589503e-06,0.0,0.0001031903001117,0.0,0.0026091552727376,0.0,0.0,0.0023654427150514,0.0,0.0215990139593544,0.0,0.0,0.0,0.0,0.0,9.080746409837524e-06,0.0,5.755725628457622e-06,0.0021259724252586,0.0,0.0,0.0,5.835984750766792e-05,0.0,0.0002211941410839,0.0,0.0001778771462149,0.0,0.0,0.0026858829936652,0.0659367443460317,0.0,0.0001673975979591,0.0,0.0,0.0,0.0141992146071602,0.0003209447645253,0.0,0.0,0.0,0.0,0.0,0.0,0.0,0.0,5.198498007853957e-05,0.0,0.0,0.0,0.0147970762748301,0.0,0.0002573336773009,0.0,0.0008606758964656,0.0,0.0,2.109668357841041e-06,1.2428698369020044e-05,0.0,0.0,0.0,0.0,0.0,0.0,0.0,0.0013595895319172,0.0,0.0,0.0003301401668242,0.0004144351764266,0.0,9.23667841889534e-05,0.0,0.0,0.0,0.0,0.0,0.0,0.0,0.0,0.0,0.0,0.0,0.0,0.0,0.0,6.278556482357359e-05,0.0
AS4raw,0.373662550293614,0.0012375392084794,0.0012476154711085,0.0592747220606013,0.0016647976236141,0.0032906336983959,0.0021194734249644,0.0012519445320899,0.0,0.002099345779367,0.0003175888702727,3.562767428364133e-05,0.0,0.0056072784353001,0.0,0.0046478191957231,0.0,0.0004652745368563,0.000317141036378,0.0065236709820105,0.0019264072570586,0.0,0.0027517153655341,0.0109444135134972,0.0,0.0,0.0027645035111918,0.0,0.0014824545895186,0.0,0.0021318137367275,0.0,0.0041594812132934,0.0,0.0007821170173047,0.0,0.0002604154097254,0.0,0.0020036088445601,0.0,7.070799602940549e-05,0.0005379480260899,0.0001358927073583,4.557953860868082e-05,0.0,0.0,0.0,0.0039194173661127,0.0,0.0005671816275447,0.0003319941938832,0.0,0.000655429784447,0.0052333868926084,0.0,2.6322681139729424e-05,9.205474500661518e-06,0.0,0.0032701577375471,0.0001215869023911,0.0,0.0014941480301005,0.0023388622740099,0.0037718312181723,0.0008281195101473,0.0001420628632399,0.0,0.0,0.0034617062461432,0.0,0.0,0.0,0.0,3.843907595546498e-05,0.0,0.0007588296547842,0.0056782103482769,0.0,0.0010518374201742,0.0,0.0,0.000321271060073,0.0002860663400232,8.650658064540567e-05,0.0,0.0,0.0020023151021978,0.0,0.0,0.0,0.0,0.0,0.0,0.0014636206862835,0.0,0.0,0.0,0.0894334737027211,0.0,0.0,0.0,0.0014674023947269,0.0,0.0360712786359298,0.0252442224824855,0.0,0.0,0.0,0.0003313473227021,0.0,0.0,0.0002404868014144,0.0,0.0158651128290129,0.0049326913120273,0.0001696792867418,0.0001463919242212,0.0132638945317341,0.0123770839017298,0.0,0.010001300211074,0.0,0.0,0.0,0.0,9.322408906480731e-05,0.0,0.0,1.4280925306431654e-05,0.0,0.0,0.0,2.2416574392151427e-05,0.0,0.0,0.0,0.0,0.0028930318389496,0.0,0.0,0.0,0.0,0.0,0.0014459810067673,0.0,0.0,0.0,0.0,0.0,0.0,0.0,1.3435016838803297e-05,0.0,0.0,1.114608804404422e-05,0.0,2.9780953992680645e-05,4.169831152191542e-05,0.0,0.0112326692636719,0.0,0.0,0.0044129551976521,0.0,0.0,0.0,0.0,0.0,0.0,7.080751467265588e-05,9.304993143911917e-06,0.0,0.0,0.0,0.0,0.0,0.0,8.110769424907175e-06,0.0,0.0014115475562027,0.0,0.0,9.57120551460672e-05,0.0001881897543863,0.0,0.0,0.0,0.0,0.0,0.0,0.0,0.0,0.0,0.0,0.0,0.0,0.0,0.0,0.0,0.2368427521343399,0.0,0.0
AS50_0,0.0,0.0114403127026356,0.0,0.0578043248149146,0.2060359752619682,0.0062294603010417,0.0665913755701865,0.1178588349096733,0.0060022276319353,0.0,0.0,0.0014172047930696,0.0,0.0023356099338316,0.0,0.0,0.0,0.0318120587583621,0.0,0.0001936601106977,0.0,0.0114052983779149,0.0004276896781323,2.0802628216406933e-05,0.0,0.0035915943582242,0.0,0.0,0.0,0.0002013323671438,0.0,0.0,0.0002317639346585,0.0006749526006451,0.0039284012670447,0.0029478971915575,0.0008526502986026,0.0,0.0,0.0,0.0009729348023489,0.0,0.0002196633959682,0.0,0.0252260187533633,0.0008944615216514,0.0,0.0,0.0,0.0001249187526064,6.024523518117849e-05,0.0,0.0039565157101292,0.0,0.0,0.0,0.0,0.0,0.0,0.0005974061697196,0.0,0.0,0.0,0.0,0.003022199648281,0.0,0.0,0.0,0.0004440640241046,0.0,0.0,0.0,0.0001133331304561,0.0,0.0024098094072471,8.145979662959348e-05,0.0,0.0001095742397141,0.0,0.0,0.0,0.0,0.0159944920407547,0.0,0.0,0.0,0.000159418160787,0.0,0.0009099605095057,0.0,0.0,0.0,0.0,0.0009828211999172,0.0,0.0,0.0,0.0299840020580183,0.0,0.0,0.0,0.0,0.0,0.0,0.005526908173852,0.0,0.0,0.0,0.0,0.0,9.886397568193392e-06,0.0,0.0,0.0,0.0,0.0,0.0,0.0,0.0,0.0,0.0079358422229811,0.0,0.0,5.550800301308581e-05,0.0,0.0,0.0,0.0,0.0,0.0,0.0,0.0,0.0,0.0,0.0,0.0,0.0,0.0,0.0,0.0,0.0,0.0,0.0,0.0,0.0,0.0,0.0,0.0,0.0,0.0,0.0,0.0,0.0,0.0,0.0,0.0,0.0,0.0,0.0,0.0,0.0,0.0,0.3340386145181862,0.0341665146375581,0.0,0.0,0.0,0.0,0.0,0.0,0.0,0.0,0.0,0.0,0.0,0.0,0.0,0.0,0.0,0.0,0.0,0.0,0.0,0.0,0.0,0.0,0.0,0.0,0.0,0.0,0.0,0.0,0.0,0.0,0.0,0.0,0.0,0.0,0.0,0.0,0.0,0.0
AS50_3,0.0,0.0312964517488795,0.0,0.0607275674798768,0.0775850703972249,0.0,0.0293232645650363,0.155113626973449,0.0226646542047516,0.0,0.0,0.0072480162699015,0.0008601023631515,0.0088296908988432,0.0,0.0,0.0,0.0219069890784903,0.0,0.0097312050703249,0.0046053065243164,0.0210381009532503,0.0,0.0014413873791625,0.0001379602100907,0.0762610797958058,0.0020164511258027,0.0,0.0032302160309668,0.0,0.0,0.0,0.0036712137971987,0.0009872822057068,0.0,0.0002573515932813,0.0014038223099088,0.0,0.0,0.0,0.0458850434795493,0.0,0.0011481803784392,0.00022206607311,0.1048434434184576,0.0136413915963283,0.0,5.347442222453998e-05,0.0,0.0011257648124624,0.0,0.0,0.0009478175122178,0.0142782406212226,0.0,0.0,0.0,0.0,0.001306514058454,0.0022916116962903,0.0,0.0,0.0,5.290453495394096e-05,0.0022559462512719,0.0,0.0007233769088135,0.0,0.003551489979767,9.094451026642456e-05,0.0,0.0,0.004761218183431,4.278903590080863e-05,0.0,0.0,0.0,5.147981677744345e-05,0.0002964363619232,4.226663923609288e-05,0.0,0.0,0.0303237966497847,0.0,0.0,0.0009808234833067,0.0,0.0,8.415335362511975e-05,0.0,0.0,0.0,1.605182478853864e-05,0.0320855081656297,0.0,0.0009526615540179,0.0,0.0478291189219861,0.0,0.0,0.0,0.0,6.653433884243384e-05,0.0,0.0015207916721992,0.0,0.0,0.0,0.0,0.0,0.0005195947189685,0.0,0.0,0.0,0.0,0.0,0.0,0.0,0.0,6.862392550129687e-05,0.0102891247082413,0.0,0.0,0.0018323775373993,0.0,0.0,0.0,0.0,0.0,0.0,0.0,0.0,0.0,0.0,0.0,0.0,0.0,0.0,0.0,0.0002681794514226,0.0,0.0,0.0003281125960473,0.0,0.0,0.0,0.0,0.0,0.0,0.0,0.0,0.0,0.0,0.0,0.0,0.0,0.0,0.0,0.0,0.0,0.0,0.0,0.0632581044143658,0.0714167055614729,0.0,6.026557886584479e-05,0.0,0.0,0.0,0.0,0.0,0.0,0.0,0.0,0.0,0.0,0.0,0.0,0.0,0.0,0.0,0.0,0.0,0.0,0.0,0.0,0.0,0.0001502602770145,0.0,0.0,0.0,0.0,0.0,0.0,0.0,0.0,0.0,0.0,0.0,0.0,0.0,0.0
AS50_6,0.0,0.0784047319185821,0.0,0.0621314806181594,0.1771938700958933,0.0482479456153413,0.0267096844095389,0.0547466300338264,0.018383499715214,0.0,0.0,0.0035949619241783,0.0001631678924553,0.0059824416835069,5.64104654087052e-05,0.0,0.0004497926977522,0.0013831249708007,0.0,0.025933208020922,0.006101226716394,0.0506852256269514,0.0,0.0028121238266871,0.002090268672858,0.0,0.0001586451150524,0.0,0.0008240401026222,0.0,0.0,0.0,0.0001495001585457,0.0008258293332431,0.0,0.0008082352321377,0.0005718579867775,0.0,0.0,0.0,0.0307521030914922,0.0,0.0012725902791099,0.0004242961614044,0.0852772661351327,0.01009334813756,0.0,0.0,8.106208729656228e-05,0.0009019213354816,0.0,0.0,0.001998719706089,0.0067237795707635,0.0,0.0,0.0,0.0,0.0001796685748479,0.0040175185558125,0.0,0.0,0.0,0.0,0.0040669709021399,0.0,0.0007212090427714,0.0,0.0020764021355461,8.319922387151762e-05,0.0,0.0,0.001509464532976,0.0004414429548546,0.0,0.005208798243373,0.0,2.152046830129459e-05,0.0004921875232972,0.0,0.0,0.0,0.005042996205837,0.0001293216132099,0.0,0.0,0.0,0.0,3.5884014119017774e-05,0.0,0.0,0.0,2.609294655468743e-05,0.0139498359374922,0.0,0.0,0.0,0.0012797969024441,0.0,0.0,0.0,0.0,0.0,0.0,0.0195160826982392,0.0,0.0,0.0,5.069486759196415e-05,0.0,0.0004242961614044,0.0,0.0,0.0,0.0,0.0,0.0,0.0,0.0,2.693786101455349e-05,0.064782474287265,0.0,0.0,0.0003478065523612,0.0,0.0,0.0,0.0,0.0,0.0,0.0,0.0,0.0,0.0,0.0,0.0,0.0,0.0,0.0,0.0,0.0,0.0,0.0,0.0,0.0,0.0,0.0,0.0,0.0,0.0,0.0,0.0,0.0,0.0,0.0,0.0,0.0,0.0,0.0,0.0,0.0,0.0,0.1294544635836901,0.0401290134679364,0.0,0.0,0.0,0.0,0.0,0.0,0.0,0.0,0.0,5.293140586808023e-05,0.0,0.0,0.0,0.0,0.0,0.0,0.0,0.0,0.0,0.0,0.0,0.0,0.0,0.0,0.0,0.0,0.0,0.0,0.0,0.0,0.0,0.0,0.0,0.0,0.0,0.0,0.0,0.0
AS50raw,0.0006712672493403,0.0075080116498331,0.0673857239022301,0.0425739140408345,0.1372820833521084,0.0,0.0058283301769184,0.1053714351514922,0.0031310405973657,0.0068095041083457,0.0088573732894029,0.0005323349322496,9.46014155849066e-05,0.0014761871601506,0.0,3.472738998858972e-05,0.0,0.0177096262231391,0.0035307241821425,0.0,0.0005724785206768,0.0,0.001789894283999,0.0,0.0,0.0,0.004552656144677,0.0,0.0001361331893261,0.0057644736524703,0.0661045426430049,0.0,0.0008133172941036,0.0017266294450945,7.15711936527619e-05,0.0058599625963707,2.362190747585592e-05,0.0,0.0001857892607252,0.0,0.0,0.0014837880436736,0.0011507601111094,0.0,0.0,0.0,0.0,0.0,0.0,0.0,0.00085985563783,0.0042575643583192,0.001937838427063,0.0,1.552036695427142e-05,0.0033092062174316,1.0900668286064535e-05,0.0,0.0018506558379108,0.0013055086379261,5.976023991483394e-05,0.000524233391728,0.0,0.0,8.715983201592308e-06,0.0230473580557758,0.0006302361325975,0.0,0.0,0.0,0.0,0.0,0.0,8.438346138773963e-05,0.0,0.0113597707537117,0.0007026948545658,9.87887286634784e-05,0.0,0.0,0.0,0.0,0.0061823857034207,0.0002694672508878,0.0,0.0,0.0008395335151172,0.0,0.0,0.0,0.0,0.0,0.0,0.0,0.0004104021959725,0.0,0.0,0.0073091142786009,0.0,0.0,3.5956275348605343e-06,5.104425671324162e-05,8.467930415959524e-05,0.0,0.0123484545401169,0.0,0.0011772721748949,0.0,0.0003518480842815,0.0,0.0011626620933925,4.986088562581918e-05,0.0034485481629756,0.0,0.0,0.0038693731273721,0.0,0.0100387417488313,0.0,0.0,0.0035979032484901,0.0,0.0,0.0,0.0,0.0,0.0,0.0,0.0,0.0,0.0,0.0,6.91816943416204e-06,0.0,0.0,0.0,0.0,0.0010359276013567,0.0,0.0001031125845598,0.0,0.0,0.0007904008578529,0.0059813946756493,0.0,8.37917758440284e-05,0.0,0.0,0.0,3.5728703985639485e-05,0.0015219290041067,9.71729719864208e-06,0.0011018095109353,4.524118695761229e-05,0.0,0.0,0.0,0.0,0.0,0.3693958389941723,0.0,0.0,0.0010840817017603,0.004959166870343,0.0,0.000141344573538,0.0,0.0,0.0,0.0,1.19019822831143e-05,0.0,0.0,0.0,0.0,0.0124403478564825,0.0,0.0,0.0,0.0,0.0,0.0,0.0,0.0,0.0,0.0,0.0,0.0,0.0,0.0,0.0,0.0,0.0008365295731261,1.731818072170169e-05,0.0,0.0,0.0,0.0,0.0,0.0001007003281123,6.417512435637156e-06,0.0
AS51_0,6.711224415250019e-06,0.0216444671999921,0.0219312055439016,2.648628261591038e-05,0.0845795120765667,0.0,0.0704609402128269,0.1157816337661274,0.0053109863563368,0.008434523399068,0.0026957092939391,0.0001648604592997,0.0,0.0047352555168057,0.0,0.0,0.0,0.0316626346381762,0.0016467602870517,0.0,0.00452418494741,0.0,0.0,0.0,0.0,0.0,0.0004070793068974,0.0,0.0,0.0005180962787131,0.1748623353687988,0.0,0.0007318820763072,0.0078448578034991,0.0,0.0008088306188394,0.0,0.0,0.0001600447715513,0.0,0.0,0.0,5.374102604272727e-05,7.751208046010136e-05,0.0,0.0049365410185424,0.0,0.0,0.0012449065136684,9.964375181420828e-05,0.0,0.0,0.004043999402035,0.0,0.0,0.0164878390052059,0.0,0.0,0.0,0.0003283376891399,0.0,0.0029543219721696,0.0,0.0,0.0003805417935607,0.0,0.0011228749368965,0.0,0.0013161684461998,0.0,0.0,0.0,0.0,0.0001440607866845,0.0005487322497078,0.0029983291612741,0.0,0.000346524594998,0.0,0.0,0.0,0.0,0.0148660793098688,0.0001339683347012,0.0,0.0,0.0008164639962276,0.0,0.0102369226156888,0.0,0.0,0.0,0.0,0.0,0.0,0.0,0.0,0.1738835212185868,0.0,0.0,0.0,0.0,0.000253028529671,0.0,0.0017243235982326,0.0,0.0,0.0,0.0,0.0,0.0,0.0341361562963222,0.0,0.0005441214848424,0.0,0.0,0.0,0.0110384784721851,0.0,0.0,0.0915865939040157,0.0,0.0,0.0,0.0,0.0,0.00062004541296,0.0,0.0,0.0,0.0,0.0,0.0,0.0,0.0,0.0,0.0,0.0149947196496146,0.0,0.0,0.0,0.0035666827770206,0.0027502187807928,0.0,0.0,0.0008231239899222,0.004484583600288,0.0,0.0,0.0,0.0,0.0,0.0,0.0,0.0,0.0,0.0,0.0,0.0,0.0,0.0,0.0,0.0,0.0245311646208019,0.0,0.0013419374987255,0.0,0.0,0.0,0.0,0.0,0.0,0.0,0.0,0.0,0.0,0.0,0.0,0.0,0.0,0.0,0.0,0.0,0.0,0.0,0.0,0.0095152354528062,0.0,0.0,0.0,0.0,0.0,0.0,0.001802143063017,0.000238581466426,0.0,8.883406974079033e-05,0.0,0.0,0.0,0.0,0.0
AS51_18,0.0,0.006946049689017,0.1491287204270404,0.0002083166856804,0.0765561729392237,0.0,0.1140551100589945,0.0083526315451145,0.0078653920918783,0.0002123408665126,0.0025409304919968,0.0017669812199841,0.0,0.0163798270637031,0.0,0.0,0.0,0.0094926244865967,0.0097973124638966,0.0,0.0033191652552853,0.0,0.0,0.0,0.0033924367036857,0.029724742372727,1.7925896434622915e-05,0.0,0.0,0.0,0.1083213317801742,0.0,0.0,0.0021784406445608,0.0,0.0027228025607795,0.0,0.0,0.0026857487398695,0.0,0.0,0.0,0.0033445123683197,0.0077421580866514,0.034907469187971,0.0051005185496705,0.0,0.0,0.0,0.0,0.0,0.0,0.0033171270338248,0.0,0.0,0.0182975321475866,0.0,0.0,3.9405614902932005e-05,0.0112391712298873,0.0,0.0191671733040651,0.0,0.0,0.0048299054542231,0.0,0.0039863430800211,0.0,0.0035863290528766,0.0016448969807093,0.0,0.0,0.0,0.0005960491219733,0.0,0.0045025357304141,0.0,0.0022121496917921,0.0009186629957078,0.0001448705099614,0.0,0.0,0.0210798089653417,0.0004890686263416,0.0,0.0014280615745657,0.0005134750217789,0.0,0.0052248500587608,0.0,0.0,0.0,0.0001520826782061,0.0,0.0,0.0,0.0,0.0228120358963201,0.0004708291573746,0.0,2.581747183295545e-05,0.0,0.0010059929459767,0.0,0.0081324513652921,0.0,0.0,0.0,0.0,0.0,0.0,0.0152870790504333,0.0,0.0,0.0,0.0,0.0,0.0,0.0,0.0,0.1331536632405562,0.0,0.0,8.184243095224341e-05,0.0004525896884076,0.0,0.009324131512529,0.0,0.0,0.0,0.0,0.0,0.0,0.0,0.0,0.0,0.0,0.0037335513568308,0.0,0.0006754874968439,0.0,0.0246447105618388,0.0201266529910716,0.0,0.0,0.0007037612868472,0.0023735872838812,0.0,0.0,0.0,0.0,0.0,0.0,0.0,0.0,0.0,0.0,0.0,0.0,0.0,0.0,0.0,0.0,0.0316424997186992,0.0,0.006193527873384,0.0,0.0,0.0,0.0,0.0,9.992511365305836e-05,0.0,0.0,0.0,0.0,0.0,0.0,0.0,0.0,0.0,0.0,0.0,0.0,0.0,0.0,0.0048475177781253,0.0,0.0,0.0,0.0,0.0,0.0,0.002927251851894,0.0010845951274277,0.0,7.133775111737691e-05,0.0,0.0,0.0,0.0,0.0
AS51_3,0.0,0.0416308015248908,0.1070045072832997,0.0379825379749621,0.0938404670393037,0.0,0.0714418592681903,0.0153547300019215,0.0120435326461174,0.0029689603281626,0.0096467310591767,0.0013203061999255,0.0,0.014020474576695,0.0,0.0,0.0,0.0100021958004654,0.0034978283701748,0.0,0.0067900259191035,0.0,0.0,0.0,0.0023507450930592,0.0142561683835036,0.001427691184354,0.0,0.0,0.0,0.1105319777572391,0.0,6.692020586170533e-05,0.0023993870036991,0.0,0.0047767077759956,0.0001895771869559,0.0,0.0009184843348996,0.0,0.0,0.0,0.0019020850965273,0.0155660126644535,0.0311035857445652,0.0122642550861159,0.0,0.0,0.0,0.0009127723676428,0.0,0.0,0.0029799032549073,0.0,0.0,0.0140748284545917,0.0,0.0,2.326875082522908e-05,0.0028360819319772,0.0,0.0060198723549683,0.0,0.0,0.0047883120884226,0.0,0.0050894229518147,0.0,0.0035289134972463,0.0026995358515532,0.0,0.0,0.0009683287649619,3.0183237504560715e-05,0.0,0.0036394250321733,0.0,0.0006909676601641,0.0003195695365273,0.0005718581113662,0.0,0.0,0.0278169799109509,3.601545670364913e-05,0.0,0.0001301727274847,0.0021153519161064,0.0,0.0037783761514423,0.0,0.0,0.0,3.799961375076168e-05,0.0,0.0,5.988546724012444e-05,1.142393451367836e-05,0.0751927578508287,0.000191080336234,0.0,0.0,0.0,0.0023811087084772,0.0,0.0035357077319834,0.0,0.0,0.0,0.0,0.0,0.0,0.0028164808653906,0.0,0.0,0.0,0.0,0.0,0.0,0.0,0.0,0.058641100141729,0.0,0.0,0.0004694034565698,0.0,0.0,0.0017115458940334,0.0,0.0,0.0,0.0,0.0,0.0,0.0,0.0,0.0,0.0,0.0894217492953841,0.0,0.0014941905084179,0.0,0.0097498470996553,0.004726743093991,0.0,0.0,0.0005045170237067,0.0003976731730182,0.0,0.0,0.0,0.0,0.0,0.0,0.0,0.0,0.0,0.0,0.0,0.0,0.0,0.0,0.0,0.0,0.0245374689419295,0.0,0.0009021901967249,0.0,0.0,0.0,0.0,0.0,0.0001376283479042,0.0,0.0,0.0,0.0,0.0,0.0,0.0,0.0,0.0,0.0,0.0,0.0,0.0,0.0,0.0134721257200385,0.0,0.0,0.0,0.0,0.0,0.0,0.0007402709564862,0.0004559352390379,0.0,6.247088399848322e-05,0.0,0.0,0.0,0.0,0.0
AS51_6,0.0,0.0122084636464382,0.0698541978199259,0.0026129641975215,0.079621914915678,0.0,0.0305987589027849,0.0513864341905844,0.0270502606130684,0.0060795260486253,0.0037126997011783,0.0003935840154689,0.0,0.0034890992997357,0.0,0.0,0.0,0.0192748408350183,0.0017409686266887,0.0,0.0044041328555656,0.0,0.0,0.0,0.0002555339292417,0.0059004091828209,0.0,0.0,0.0,0.0,0.162516359362313,0.0,9.350084374162698e-05,0.0028479975903984,0.0,0.000115709758137,0.0001693922524004,0.0,0.0006572655937789,0.0,0.0,0.0,0.0002836564598964,0.0064256040134792,0.002750685749512,0.0080921267821503,0.0,0.0,0.0,9.823173674893346e-05,0.0,0.0,0.002414332398062,0.0,0.0,0.0172606631371576,0.0,0.0,0.0,0.0028150127530419,0.0,0.0084164557805401,0.0,0.0,0.0009857341235501,0.0,0.0011261496562808,0.0,0.001461714525563,0.0005502948463359,0.0,0.0,0.0,0.0,0.0,0.0067843633998667,0.0,0.0003569195946622,0.0,0.0,0.0,0.0,0.0223986100636343,0.0,0.0,0.0,0.0003453551895333,0.0,0.0056655729104861,0.0,0.0,0.0,0.0,0.0,0.0,0.0,0.0,0.0308552784347366,0.0,0.0,0.0,0.0,0.0008345426678582,0.0,0.0021513735950725,0.0,0.0,0.0,0.0,0.0,0.0,0.0636433894903476,0.0,0.0,0.0,0.0,0.0,0.0,0.0,0.0,0.0695636421410604,0.0,0.0,0.0,0.0,0.0,0.0013154510834204,0.0,0.0,0.0,0.0,0.0,0.0,0.0,0.0,0.0,0.0,0.2122449440880733,0.0,0.0003356305761294,0.0,0.0041118687986698,0.0022350841185629,0.0,0.0,0.0018357836073768,0.0013638113230506,0.0,0.0,0.0,0.0,0.0,0.0,0.0,0.0,0.0,0.0,0.0,0.0,0.0,0.0,0.0,0.0,0.0320571223791344,0.0,0.0001248430099149,0.0,0.0,0.0,0.0,0.0,8.160790437603702e-05,0.0,0.0,0.0,0.0,0.0,0.0,0.0,0.0,0.0,0.0,0.0,0.0,0.0,0.0,0.0040145569577834,0.0,0.0,0.0,0.0,0.0,0.0,1.5572522815717208e-05,0.0,0.0,0.0,0.0,0.0,0.0,0.0,0.0
AS53_0,0.0,0.0,0.0,0.0636148149330653,0.1113683233094013,0.0097555277962913,0.0256436535271337,0.1010258068035031,0.0001252625711552,0.0,0.0027390145815955,6.103490616614877e-05,0.0010406797383534,0.0030661127230107,0.0015136337453322,0.0051733867588309,0.0,0.0,0.0,0.0,0.007457965334621,0.0,0.0,0.0,0.0626610314473441,0.0,0.0,0.0,0.0017038157458882,0.0,0.0,0.0,0.0010576013601152,0.0178407106016886,0.0,0.0,0.0068718280273671,0.0015407721953275,0.0001876810061446,0.0,0.0,0.01105710914313,0.0011189023295166,0.0044061136010195,0.0082147556009636,0.0004752953634489,0.0,0.0,0.0,0.0005529858281417,0.0,0.0,0.0015458806094443,0.0,0.0005125974290308,0.0,4.581608910989896e-05,0.0,0.0,0.0,0.0009455355254283,0.0,0.0,0.0006163088781309,0.0004227744808107,0.0,0.0003732335064073,0.0,0.0054753153181916,0.0,0.0,0.0,0.0004327784584561,0.0,0.0,0.0344327332277063,5.906603822530528e-06,0.0003626441896444,0.0006028460784274,0.0001758677984996,0.0047791874694858,0.0010853783618752,0.0011848327992113,0.0,0.0,0.0,0.0,0.0,0.0,0.0,9.418638527818946e-06,0.0,0.0,0.0,3.629102528798037e-05,0.0,0.0,0.2763661083329686,0.0,0.0,0.0,0.0,0.0,0.0,0.023999276308,0.0,0.0,0.0077852763266245,0.0,0.0,0.0007592912607539,0.0,0.0,0.0451589661314805,0.0,0.0026032691189714,0.0,0.0997590797404821,0.0,0.0,0.0,0.0,0.0,0.0,0.0,0.0,0.0,0.0,0.0,0.0,0.0006233329475416,0.0,0.0,0.0,0.0,0.0,0.0,0.0012622572006688,0.0004683777193324,0.0,0.0,0.0,0.0047188443277313,0.0053455828846841,0.0,0.0,6.933607910592143e-05,0.0,0.0,0.0,0.0,0.0,0.0004585865922752,0.0,0.0,0.0,0.0,0.0,0.0,0.0,2.048686911418245e-05,0.0,0.0,0.0116748015500844,0.0001497403887981,0.0,0.0,0.0,0.0,0.0,0.0,0.0,0.0,0.0,0.0,0.0154582207553269,0.0,0.0,0.0,0.0,0.0,0.0,0.0,0.0,0.0,0.0,0.0,0.0,0.0,0.0,0.0,0.0,0.0,0.0,0.0,0.0,0.0,0.0,0.0,0.0,0.0,0.0
AS53_12,0.0,0.0133243169897275,1.346789363356901e-05,0.0374846666210997,0.2064120520257054,0.0008822885874363,0.0444223304956387,0.2186639323741883,0.0050369922189547,0.0,0.0136805690650167,0.0002305112905841,0.000312167979011,0.0138565616750661,0.002107786019841,0.0197174816090452,0.0,0.0,0.0008499535094782,0.0019392351287962,0.0074250155810991,0.0,0.0,0.003947488156949,0.0124356988967246,8.93815163068694e-06,0.0001875191856818,0.0,0.0005405761750939,0.0003358884583387,0.0,0.0,0.0009139361152689,0.0056317230774581,0.0,0.0,0.0068834283028795,0.0,0.0009368274900334,0.0,0.0,0.0200266365007418,0.0015949342924522,0.0200983439344125,0.0182632726496199,0.0016250651655963,0.0,5.815865178700372e-05,0.0008854027850632,0.0009897688496921,0.0,0.0,0.0084778570437689,7.925026298792336e-05,0.0,0.0,0.0,0.0,0.0001011507566893,0.0016471476578604,0.0,0.0,0.0,0.0,0.0001901278317458,0.0,0.0005689072846744,0.0,0.0025681210508839,0.0001186226187003,0.0,0.0,0.0023441212644289,5.243580809586253e-05,0.0,0.0033037592409769,0.0002442825151553,3.6157047773005095e-05,0.0003338662520873,0.0006722622461776,0.0017232837232214,0.0002716025216102,0.0026148137932261,0.0,0.0,8.41642241785499e-05,2.691556520462516e-05,0.0,7.60349550483776e-05,0.0012717048452465,0.0001238399108287,0.0,0.000193444249998,0.0,2.4003588202772395e-05,0.0,0.0,0.1208868223738522,0.0013059610191433,0.0,0.0,0.0,0.0,0.0,0.0,0.0,0.0,0.0173973437107564,0.0001171059640119,0.0,0.0023469321311181,0.0,0.0,0.0322586385617746,0.0,0.010499962184743,0.0,0.0152892745820402,0.0,0.0,0.0,0.0,0.0,0.0,0.0,0.0,0.0,0.0033795919754002,0.0,0.0,0.0,0.0,0.0,0.0003838956347441,0.0,0.0,0.0,0.0102379044766388,2.4003588202772395e-05,0.0,0.0,0.0,2.3053151264667683e-06,0.0203509579393233,0.0,0.0005817685164326,0.0,0.0,0.0,0.0,0.0,0.0,4.3699877090304265e-05,1.7674082636245222e-05,0.0,0.0,0.0,0.0,0.0,0.0,0.0006588954628567,0.0008272441332762,0.0,0.0192883896645846,0.0,3.619749189803082e-06,0.0,0.0,0.0,0.0,0.0,2.7016675517189488e-05,0.0,0.0,0.0,0.035150575499677,0.0,0.0,0.0,0.0,0.0,1.726964138598789e-05,0.0,0.0,0.0,0.0,0.0,0.0,0.0,0.0,0.0,0.0,3.233507795807335e-05,0.0,0.0,0.0,0.0,0.0,0.0,0.0,0.0,0.0
AS53_18,0.0,0.0109690252299267,0.0,0.0738005778566407,0.1651343176293852,0.0,0.0276748537817531,0.2616515557139075,0.0015700983475925,0.0,0.0,0.0003207791844756,0.0019146623892137,0.0107094762332513,0.0024561680257596,0.0210180715409047,0.0,0.0,0.001174242391814,0.0019762647970006,0.0073988400061892,0.0,0.0,0.0322172403885634,0.0093909241526215,0.0,0.0,0.0,0.0012628307486315,0.0028449518017922,0.0,0.0,0.0029320512786631,0.0,0.0021357238392718,0.0,0.0182720185895594,0.0,0.0009827724306929,0.0,0.0,0.0,0.0,0.0381955772597857,0.0153452528347064,0.001107801124201,0.0,0.0,0.0016666149901251,0.0006954186010163,0.0,0.0,0.0029588883396988,0.0005307857009309,0.0,0.0,0.0,0.0,3.711033266677439e-05,0.0035236949474076,0.0020160923355698,0.0,0.0,0.0,0.001476782796945,0.0,0.0028344551981692,0.0,0.0055771953916336,0.0003129625647564,0.0,0.0,0.0008306461221581,0.0,0.0,0.0255341421946603,0.0,0.0002691522723303,0.0002166320322172,0.000618406285783,0.0,0.000217525360185,0.0037623251808346,0.0,0.0,8.501504494574995e-05,0.0001107354460216,0.0,0.0,0.0042223146403091,0.0,0.0,6.86001435354716e-05,0.0,0.0,0.0,0.0,0.081351506949366,0.0002459629671634,0.0,0.0,0.0,0.0,0.0,0.0236733772595101,0.0,0.0,0.0,0.0,0.0,0.0026478985408715,0.0,0.0,0.0131949379719586,0.0,0.0142557649338473,0.0,0.0403901118569448,0.0,0.0,0.0,0.0,0.0,0.0002455535251782,0.0,0.0,0.0,0.0,0.0,0.0,0.0,0.0,0.0,0.0012691584884041,0.0,0.0,0.0001059338081941,0.0017629455226643,0.0,0.0,0.0,0.0,0.0004558950396214,0.0,0.0,0.000351077891387,0.0004873104064928,0.0,9.6926084517834e-05,0.0,0.0,0.0,0.0,0.0,0.0,0.0,0.0,0.0,0.0,0.0,0.0001593473762752,0.0,0.0,0.0265592360378328,0.0,0.0021079934502681,0.0,0.0,0.0,0.0,0.0,0.0,0.0,0.0,0.0,0.020617488391296,0.0,0.0,0.0,0.0,0.0,0.0,0.0,0.0,0.0,0.0,0.0,0.0,0.0,0.0,0.0,0.0,0.0,0.0,0.0,0.0,0.0,0.0,0.0,0.0,0.0,0.0
AS53_24,6.295380686619471e-05,0.0086816261759454,0.0,0.048661192997512,0.0206190777630993,0.0037007389742068,0.0508247567364042,0.2755906193803478,0.0,0.0,0.0,0.0001983101158518,0.0015688958550936,0.0090882575252389,0.0027340474622209,0.0381871643299456,0.0,0.0,0.0015025675142083,0.004474932067818,0.0183603521648704,0.0,0.0,0.0049405427727998,0.0078790869965742,0.0,0.0004428888425868,0.0,0.0035369615898164,0.0249992604146274,0.0,0.0,0.0056220861601773,0.0,0.000750158912431,0.0,0.000818624458195,0.0,0.0,0.0,0.0,0.0,0.0,0.0355299437588912,0.0525749775527873,0.0045756056660525,0.0,0.0013127312282264,0.001195372434009,0.0028961375796019,0.0,0.0,0.0058516294631164,0.0033686473319115,0.0,0.0,0.0,1.6497721870831253e-05,0.0008830780579586,0.0039974355041247,0.0001214832246851,0.0,0.0,0.0,0.0041050081496871,0.0,0.0011914729724758,0.0,0.0069522149860131,0.000882853089024,0.0,0.0,0.0004815085096936,0.0001562034302587,0.0,0.0327374793633185,0.0005290519445395,0.0005292394186517,0.0030943727058088,0.0010221463543652,0.0,0.0003179185994153,0.0023183798607209,0.0001304819820692,0.0,4.791838307027805e-05,0.0019526553627025,0.0,0.0,0.0046656682295383,0.0003275922636032,0.0,0.0001323942180133,0.0,0.0,4.251912863982419e-05,2.433413975947609e-05,0.1576017621666675,0.0003541385978863,9.917380533715606e-05,2.887101327395469e-06,0.0,0.0,0.0,0.0049154212417692,0.0,0.0,0.0,0.0,0.0,0.0027393342321841,0.0,0.0,0.0110826446253102,0.0,0.0178757690797371,0.0,0.0399283488941221,0.0,0.0,0.0,0.0,0.0,5.204281353798586e-05,0.0,0.0,0.0001129718999927,0.0,0.0,0.0,0.0,0.0,0.0,0.0007215503629142,0.0,0.0,0.0,0.0057438318486195,5.774202654790938e-05,0.000617277261726,0.0,0.0,0.0003792226340944,0.0062875067739083,0.0,0.0004561995045508,0.0001431927268742,0.0,0.0006904296602941,0.0,0.0,0.0,0.0,0.0001448050042389,0.0,0.0,0.0,0.0,0.0,0.0,0.0,0.0,0.0,0.0170786291547965,0.0,0.0001804250855509,0.0,0.0,0.0,0.0,0.0,0.0,0.0,0.0002133455396477,0.0,0.0252661485607106,0.0,0.0,0.0,0.0,0.0,0.0,0.0,0.0,0.0,0.0,0.0,0.0,0.0,0.0,0.0,0.0,4.51437662101837e-05,0.0,0.0,0.0,0.0,0.0,0.0,0.0,0.0,0.0
AS53_3,0.0,0.0,0.0,0.1432767303934728,0.2737434352121596,0.0,0.019197255641164,0.1459319241514861,0.005291167807455,0.0,0.0108188098797204,0.0001648045104165,0.0001547455975191,0.0089836869580086,0.0026248373958767,0.0,0.0,0.0,0.0003417336033432,0.0,0.0052520098965332,0.0,0.0,0.0,0.0133858983381597,0.0,0.0002102492418992,0.0,0.0028670596109139,0.0,0.0,0.0,0.004300903757399,0.0072252632471391,0.0009388917449016,0.0,0.0043335952243154,0.0,0.0018494029855571,0.0,0.0,0.0167839248512987,0.0031840949906254,0.0124743093568366,0.1268383112378537,0.005950924719455,0.0,0.0,0.000120347707879,0.0002625196642765,0.0,0.0,0.0155504506572601,0.0,0.0,0.0,0.0,0.0,0.0,0.0032309767096649,0.0044664267615939,0.0,0.0,0.0,0.0003931957202198,0.0,0.0034856827541015,0.0,0.0027521006063727,0.0,0.0,0.0,0.0045726740290724,0.0004882165224109,0.0,0.0042225879355554,0.0,6.690973311189379e-05,0.0014922217659785,0.0012896963321969,0.0044291548968403,0.0,0.0080151573447487,6.286820560849083e-05,0.0,0.0,0.0,0.0,0.0,0.0,0.0,0.0,0.0005651851684202,0.0,0.0,0.0,0.0,0.0466498251725014,0.0003577200899122,0.0,0.0,0.0,0.0,0.0,0.0,0.0,0.0,0.0015582333818675,0.0,0.0,0.0014212705053632,0.0,0.0,0.0,0.0,0.0091190332235114,0.0,0.0131490648264603,0.0,0.0,0.0,0.0,0.0,0.0004011889635044,0.0,0.0,0.0001154080631526,0.0,0.0,0.0,0.0,0.0,0.0,0.0,0.0,0.0,0.0,0.0059565828579598,0.0,0.0,0.0,0.0,0.0061873989842652,0.0,0.0,8.577019479444105e-05,0.0,0.0,0.0,0.0,0.0,0.0,4.849833004083577e-05,0.0001418127095082,0.0,0.0,0.0,0.0,0.0,0.0,0.0003391290633966,0.0,0.0,0.0309602561574017,0.0,0.0,0.0,0.0,0.0,0.0,0.0,0.0,0.0,0.0,0.0,0.0118403284091361,0.0,0.0,0.0,0.0,0.0,0.0,0.0,0.0,0.0,0.0,0.0,0.0,0.0,0.0,0.0,0.0,7.813619839912429e-05,0.0,0.0,0.0,0.0,0.0,0.0,0.0,0.0,0.0
AS53_6,0.0,0.0196772490058771,0.0,0.0398427594353664,0.1183464929998785,0.0,0.0507817643375268,0.1891455195461676,0.0028541282873006,0.0,0.0156211732062875,0.0001031072815862,0.0010582357879269,0.0095259142874375,0.004085423010644,0.008935049637391,0.0,0.0,0.0002936961350562,0.0001406873934517,0.007415547379532,0.0,0.0,0.0,0.0246269025771723,0.0077349503273249,0.0003864422829687,0.0,0.0016643341047804,0.0,0.0,0.0,0.0037955912984174,0.0063010254329987,0.0,0.0,0.004670575035638,0.0,0.0024485879146952,0.0,0.0,0.0356645342706818,0.0030589426972741,0.0225257766803812,0.086785247694662,0.0026718283407697,0.0,0.0,0.0004342155101242,0.0004722996771413,0.0,0.0,0.0089483230897191,0.0,0.0,0.0,0.0,0.0,0.0002320893942931,0.0020791154885002,0.0142817866559686,0.0,0.0,0.0,0.000556588899731,0.0,0.0014638881727882,0.0,0.0029685488067361,0.0002456428772609,0.0,0.0,0.004521766753631,0.0001611296301595,0.0,0.0034934942441661,0.0,3.287559711633426e-05,0.001435829102677,0.0004793004431372,0.0025714093533257,3.354767065193223e-05,0.0065440920283733,9.801072394137126e-06,0.0,0.0001504324597179,0.0,0.0,0.0,0.0,0.0,0.0,0.0007607872422969,0.0,0.0,0.0,0.0,0.1504907060910983,0.0003402932335243,0.0,0.0,0.0,0.0,0.0,0.0,0.0,0.0,0.0077475517061173,0.0,0.0,0.0023975663321177,0.0,0.0,0.0,0.0,0.0159572099740864,0.0,0.000934294226737,0.0,0.0,0.0,0.0,0.0,0.0003628637030948,0.0,0.0,0.0,0.0,0.0,0.0,0.0,0.0,0.0,0.0,0.0,0.0,0.0,0.0119812789436168,0.0,0.0,0.0,0.0,0.008094285644358,0.0080577136427958,0.0,0.0003750730389915,9.128998858539155e-05,0.0,0.0,0.0,0.0,0.0,0.0002118711820972,0.0,0.0,0.0,0.0,0.0,0.0,0.0,0.0001872844919198,0.0,0.0,0.0437794301701316,0.0,0.0,0.0,0.0,0.0,0.0,0.0,0.0,0.0,0.0,0.0,0.0268910063063459,0.0,0.0,0.0,0.0,0.0,0.0,0.0,0.0,0.0,0.0,0.0,0.0,0.0,0.0,0.0,0.0,6.183076527501367e-05,0.0,0.0,0.0,0.0,0.0,0.0,0.0,0.0,0.0
AS54raw,0.0476608218225574,0.0023916271191171,0.0408788921705014,0.2814533203469725,0.0124464058590152,5.392524005988392e-05,0.0132856411421479,0.092152372791261,0.0002601323200071,0.0047567900469196,0.0033326130642818,0.0,0.0006901101584423,0.0020593650435896,0.0,0.0056124260082571,0.0,0.0008625902286514,0.0009347437188724,0.0017290966829236,0.0074816998336956,0.0,0.0041830036567578,0.0025964101170205,0.0026716728530372,0.0,0.0007512982169258,0.0,0.0002981553105775,0.0154909983299314,0.0037854236848198,0.0,0.0015501845088164,0.0374301689502455,0.0005826394335342,0.0,0.0107938773206484,0.0,0.0,0.0,0.0,0.0053860206979881,0.000888437317747,0.0002812562036573,0.0,0.0005192440478828,0.0,0.0008524317767388,0.0,0.0002202817574804,0.0033285781651575,0.0020225287880558,0.0076431195333643,0.0173612927475013,0.0,0.0001583816579751,0.0004122717516901,0.0,0.0044089342730122,0.0002767228758178,0.0003650871666377,0.0023279231823562,0.0,2.7271171139439544e-05,0.000343654731878,0.0515946823257463,0.0001244885053318,0.0,0.0185482888657385,0.0,0.0,0.0,0.0,0.0,0.0,0.008084774844559,0.0001998461801514,1.99134139129589e-05,0.0015903198877519,0.0,0.0,0.0,0.0033271778178144,3.2207988891400744e-05,0.0,0.0,0.0003901272759085,0.0,0.0,0.0,0.0,0.0,0.0,0.0001280012410399,0.0061645900860533,0.0,0.0,0.0161971056766663,0.0,0.0,0.0,0.0,0.0,0.0,0.0383771835093958,0.0,0.0001151132985433,0.0006783377468799,0.0,0.0,0.0,0.0001776067655668,0.0002096011421517,0.0105469414942474,0.0,0.0002664694851022,0.0,0.0157647068987565,0.0001003265799881,0.0,0.0011679846229518,0.0,0.104231887646383,0.0,0.0,0.0,0.0,0.0,0.0,0.000749874134882,0.000118744707755,2.152737356263852e-05,0.0,0.0,0.0,0.000172575009012,0.0,0.0,0.0,0.0,0.0,0.0,3.19943765848255e-05,0.0250194838158297,0.0,0.0,0.0,0.0,0.0,0.0241384991941119,0.0010692720026134,0.0142275290059404,0.0,0.0,0.0,0.0,0.0,0.0,0.0,0.0024549275659655,0.0,0.0,0.0015286334005531,0.0015062990471656,0.0,0.000150549206734,0.0,0.0053808940026303,0.0,0.0,0.0,0.0,0.0,0.0,0.0,0.0,0.0,0.0,0.0,0.0,0.0,0.0,0.0,0.0,6.662330495074567e-05,0.0,0.0,0.0,0.0,0.0,0.0,0.0001954315258155,0.0,0.0,0.0,0.0,0.0,0.0,0.0,0.0,0.0001296152006896,0.0
AS56_12,0.0,0.0071687078219568,0.1603332182972179,0.0340275295885302,0.2674068261842686,0.0089003276673886,0.031109847718542,0.1033860541678074,0.0039062375038979,0.0,0.0,0.0048129626636784,0.0,0.0111497379953286,0.0,0.0,0.0,0.028026457538941,0.008799111240436,0.0,0.0075216857154446,0.0,0.0108556217407766,0.0,0.0,0.0,0.0027086590717237,0.0,6.19326809672301e-05,0.0,0.0,0.0,0.0008863155262799,0.0061883416334641,0.0047329876107765,0.0004600165042916,0.0,0.0,0.0077987192986968,0.0,0.0,0.0028641945546073,0.000759763002568,0.0,0.0,0.0023989956668876,0.0,0.0,0.0002794008448179,0.0,0.0001779924777384,0.0,0.0047430324774211,0.0,0.0,0.0,0.0,0.0,0.0003471557096365,0.0587425720770367,0.0,0.0188036704582518,0.0,0.0,0.0,0.000463471426577,0.0009018626765641,0.0,0.0,0.0,0.0,0.0,0.0050969060915014,0.0001767768569343,0.0009771671863765,0.0,0.0,0.0004284743434271,0.0009454970654273,0.005902350844287,0.0,0.0,0.0338924677191895,8.00390329442199e-05,7.882341214011103e-05,0.0010853574379422,0.0018260543878983,0.0,0.0003944369609121,0.0,0.0,0.0,7.56244100240351e-05,0.0,0.0,1.484336981859234e-05,0.0,3.294972179558213e-05,0.001975831666973,0.008091683912487,0.0,0.0,0.0002065275766137,0.0249991778564561,0.0223753563208506,0.0,0.0,0.0,9.571414331299198e-05,0.0,0.0,0.0,0.0,0.0,0.0,0.0001705707928291,0.0,0.0017792849769613,0.0350366867960676,0.0,0.0391294901033752,0.0,0.0,0.0007284127818304,0.0009605963554151,0.0,0.0,0.0,0.0,0.0,0.0,0.0,0.0001653244293587,0.0,0.0,0.0,0.0,0.0,0.0,0.0005432545393519,0.0,0.0026797400925944,0.0049319655423965,0.0,0.0,0.0018037253531282,0.0002831116872726,0.0,6.583546354884275e-05,0.0,0.0,0.0,0.0,0.0006550916533299,0.0,0.0,0.0,0.0,0.0,0.0,0.0,0.0,0.0001326306277324,0.0,0.0,0.0014588089449728,0.0,0.0,0.0,0.0,0.0,0.0,0.0,0.0,0.0,0.0,0.0,0.0,0.0,0.0,0.0,0.0,0.0,0.0,0.0,0.0,0.0,0.0,0.0,0.0,0.0,0.0,0.0,0.0,0.0,0.0,0.0,0.0,0.0,0.0,0.0,0.0
AS56_24,0.0,0.0066833553210423,0.0805514515590917,0.0088827357641203,0.2264622176977951,0.004654631439885,0.0155365587682591,0.0765365650770206,0.0014785816185922,0.0,0.0,0.0001886685322922,0.0010067045673876,0.0041417474409058,0.0,0.0,0.0,0.0881258051099322,0.003545158066926,0.0,0.0066490228597504,0.0,0.0174967548738151,0.0061931005741794,0.0033375175353845,0.1746033320682293,6.007037834555239e-05,0.0,0.0002999861664409,0.0021963632094624,0.0,0.0,0.0011079647561512,0.0237342910703325,0.0023427904711373,0.0005189641818711,0.0,0.0,0.0003387530468344,0.0,0.0,0.0089832187866495,0.0007744232946526,0.0105314253567032,0.0,0.0023298072234584,0.0,8.823122542383264e-06,0.0,0.0,0.0011697723296087,0.0,0.0025517567568431,0.0,0.0,0.0,0.0,0.0,0.0002470931468475,0.0135445902784183,0.0,0.0039005058986459,0.0,0.0,0.0,0.0014073566190013,0.0001371926981849,0.0,0.0,8.096243535005574e-05,0.0,0.0,4.749857161417725e-05,9.165989998693496e-05,0.0,0.0002557334067464,0.0,8.210532687108986e-05,0.00149531355046,0.0001776967736903,0.0,0.0,0.010031204595777,5.824175191189782e-05,0.0002948202967659,0.0004773629305054,0.0001965773416178,0.0,0.000109489007715,0.0,0.0,0.0,0.0,0.0,1.2891816357264665e-05,0.0,0.0,0.0044587855488406,0.000736845021441,0.0,0.0,0.0,0.0,0.0311862637971006,0.0531663535296285,0.0,0.0,0.0362615250323873,0.0,0.0103977527644031,0.000557319621317,0.0,0.0,0.0,0.0,0.0006135498841519,0.0,0.007778519692158,0.0177047154149825,0.0,0.0100184042107414,0.0,0.0,0.0003457475429432,0.0,0.0,0.0,0.0,0.0,0.0,0.0,4.050407550544856e-05,0.0,0.0,0.0,0.0,0.0,0.0,0.0,0.0,0.0,0.0034570639884847,0.0029653920561358,0.0,0.0,0.0003323528543166,0.0003426845936668,0.0,0.0,0.0,0.0,0.0,0.0,0.0,0.0,0.0,0.0,0.0,0.0,0.0,0.0,0.0,0.0,0.0,0.0,0.0001964859102961,0.0,0.0,0.0,0.0,0.0,0.0,0.0,0.0037691190893878,0.0,0.0,0.0,0.0,0.0,0.0,0.0,0.0,0.0,0.0,0.0,0.0,0.0,0.0,0.0,0.0,0.0,0.0,0.0,0.0,0.0,0.0,0.0,0.0,0.0,0.0,0.0,0.0
AS56_3,0.0,0.0132557162675656,0.1343252079845927,0.002361709058065,0.1866231005014013,0.0,0.0133394025125754,0.1453804614810944,0.0635828208321419,0.0,0.0,0.0068047089001708,0.0003162507822467,0.0148027559128839,0.0,0.0,0.0,0.0015787109590374,0.0230709338020995,0.0,0.0,0.0,0.0211944662586075,0.0,0.0,0.0,0.0,0.0,0.0,0.0,0.0,0.0,0.0,0.0,0.002312352667707,0.0060887522681399,0.0,0.0,0.014821712465621,0.0,0.0,0.0,0.0003976252525324,0.0,0.0,0.0013934222149067,0.0,0.0,0.0,0.0,0.0005439605925632,0.0,0.0,0.0,0.0,0.0,0.0,0.0,0.0,0.0535812742548515,0.0,0.0051342204845895,0.0,0.0,0.0,0.0009724480376615,5.964378787987391e-05,0.0,0.0,0.0126864417417743,0.0,0.0,0.0247892759544681,0.0,0.0007920140204512,0.0,0.0,0.0002422739910779,0.0,0.0,0.0,0.0,0.0185340759061982,0.0,0.0007605738842045,0.0377233087691856,0.0,0.0,0.0156779938234002,0.0,0.0,0.0,5.7794368100653016e-05,0.0,0.0,0.0058875122784134,0.0,0.0,0.015710011903328,0.0005839542952889,0.0,0.0,0.0001264540774041,0.0091249216019396,0.0,0.0,0.0,0.0,0.0,0.0159171469186007,0.0,0.0,0.0,0.0,0.0,0.0003965849539066,0.0,0.0,0.0,0.0,0.0062607483076074,0.0,0.0,0.0006136606004927,0.0,0.0,0.0,0.0,0.0,0.0,0.0,0.0,0.0,0.0,0.0,0.0,0.0,0.0,0.0,0.0,0.0,0.0,0.088095261763408,0.0,0.0,0.0002597278902443,0.0044982512580099,0.0,0.0005011927601687,0.0,0.0,0.0,0.0,0.0068302540108713,0.0,0.0,0.0,0.0,0.0037980146941024,0.0,0.0,0.0,0.0,0.0,0.0,0.0018172861105568,0.0,0.0,0.0,0.0,0.0,0.0,0.0,0.0,0.0,0.0,0.0,0.0,0.0,0.0,0.0,0.0,0.0,0.0,0.0,0.0,0.0145349368111055,0.000345725909978,0.0,0.0,0.0,0.0,0.0,0.001492944116776,0.0,0.0,0.0,0.0,0.0,0.0,0.0,0.0
AS56_6,0.0,0.0048111885982593,0.0597961341145217,0.040426195072824,0.1285086373757881,0.0004775890802697,0.0552840122154356,0.080053419068568,0.0030860283921494,0.0,0.0,0.0025633394696925,0.0,0.0088798200260817,0.0,0.0,0.0,0.0214455224146736,0.1083131365986108,0.0,0.0,0.0,0.0238219451973829,0.0,0.004989189593897,0.0566664136209241,0.0016791218700969,0.0,6.220128523601165e-05,0.0,0.0,0.0,0.0001593875347581,0.0016857434654238,0.0,0.0019965413374204,0.0,0.0,0.0008731120893229,0.0,0.0,0.0007074157905131,0.00118453562387,0.0,0.0,0.0039666484320791,0.0,4.431776399883479e-05,0.0001625158475109,0.0,0.0006569978166461,0.0,0.0036253495107422,0.0,0.0,0.0,0.0,0.0,0.0001323276294459,0.0178790373222309,0.0,0.0111475339406291,0.0,0.0,0.0,0.0011188410560599,6.14192070477969e-05,0.0,0.0,0.0,0.0,0.0,0.0008854167861507,0.0001262795581237,0.0,0.0,0.0,0.0,0.000993499991762,0.0,0.0,0.0001370200985751,0.0059224695651665,0.0001592832576663,0.0007866142417063,0.0035981331897923,0.007858113080998,0.0,0.0009940213772208,0.0,0.0,0.0,0.0,0.0,0.0,0.0004718017016769,0.0,0.0298890470888234,0.0025511390499563,0.0003968264727,0.0,0.0,0.0001093866692582,0.030986563479618,0.0006274873996775,0.0,0.0,0.0,0.0,0.0055595852858349,0.0,0.0,0.0,0.0,0.0,0.0,0.0,0.0012415230545178,0.1412274185350867,0.0,0.1033541873613248,0.0,0.0,1.970837034301123e-05,0.0047090491868785,0.0,0.0,0.0,0.0,0.0,0.0,0.0,0.0024691251172855,0.0,0.0,0.0,0.0,0.0,0.0,0.0008551242909939,0.0,0.0,0.0051087954181479,0.0,0.0,0.0011199359655234,0.0009173255762298,0.0,0.0,0.0,0.0,0.0,0.0,0.0006337961637291,0.0,0.0,0.0,0.0,0.0,0.0,0.0,0.0,0.0,0.0,0.0,2.5704303119324163e-05,0.0,0.0,0.0,0.0,0.0,0.0,0.0,0.0,0.0,0.0,0.0,0.0,0.0,0.0,0.0,0.0,0.0,0.0,0.0,0.0,0.0,0.0,0.0,0.0,0.0,0.0,0.0,0.0,0.0,0.0,0.0,0.0,0.0,0.0,0.0,0.0
AS56raw,6.078083840654371e-05,0.0233767698412142,0.0001608622438391,0.1308856290648924,0.079051487756157,0.0,0.0130837569797314,0.2190551765068738,0.0001078052162933,7.130642379505233e-05,8.72336285436109e-05,0.002594670383721,0.0008418196601729,0.002935199574312,0.0,4.091600459178046e-05,0.0,0.0077574069137546,0.0031601744965368,0.0,0.0044507071817734,0.0,0.0146561077965333,0.005413028387857,0.0085367040918956,0.0,0.0021580983816116,0.0,7.279565530086049e-05,0.0,0.336175611592674,0.0,0.0008720838733164,0.002694625583094,0.0012775587022876,0.0001268875725372,0.0004036322204979,0.0,0.0007128623082547,0.0,0.0,8.65773570325768e-06,0.0004416454857138,0.0009639618848611,0.0,0.0,0.0,0.0057678945868427,0.0,0.0006931994041356,0.0004997759968644,0.0,0.000680048732703,0.0001824687212793,0.0,0.002316184092135,0.0,0.0,0.0001537947044896,0.0003198566379932,0.0,0.0006119731840392,0.0,0.0,0.0,0.0009190072863553,0.0006625818140247,0.0,0.0025465858749318,0.0,0.0,0.0,0.0,0.0,0.0,0.0017675158676985,4.922036332755824e-05,0.0,6.817651351165889e-05,0.0,1.3175912644607895e-05,0.0,0.0040529561636628,0.0,0.0,0.0,0.0029139464738392,0.0,0.0,0.0,1.133330417131982e-05,0.0,4.760492576193581e-05,0.0,6.59805280708909e-05,0.0,0.0,0.0039833913834932,0.0,0.0,0.0,0.0,0.0,0.0,0.0,0.0,0.0,0.0,0.0,0.0072675759544036,0.0,0.018576648562239,0.0,0.0,0.0,0.003136271068808,0.0,0.0,0.0,0.0004595667462075,0.0002569807789937,0.0,0.0,0.0,0.0,0.0,0.0,0.0,6.5879563223039485e-06,0.0,0.0001167153641161,0.0,0.0,0.0,0.0,1.741643625436676e-06,0.0,0.0,0.0,0.0001298912767607,0.0,0.0044959899160348,4.311199003254845e-05,0.0072724222671005,0.0,0.0,0.0,0.0,0.0,0.0665699860938591,0.0,0.0,0.0,0.0,0.0,0.0,0.0,0.0,0.0005993778192698,0.0002745486625198,0.0,0.0,0.0,0.0,0.0,4.03859391405606e-06,0.0,0.0,0.0,0.0,0.0,0.0,0.0,0.0,0.0,0.0,0.0,0.0,0.0,0.0,0.0,0.0,0.0,0.0,0.0,0.0,0.0,0.0,0.0,0.0,0.0,0.0,0.0,0.0,0.0,0.0,0.0002186393780221,0.0,0.0,0.0,7.26946904530091e-06,0.0
AS57raw,0.0013489077512197,0.0,0.0288433908204202,0.0572530331923284,0.0053725780236957,0.0055503649639322,0.0019644370322501,0.0002626865180732,0.0004486668108578,0.0,0.0029432930434765,0.0,0.000836602965553,0.0014679316145793,0.0,0.000312727639012,0.0,0.0108440342482136,0.0204758928221385,1.1218138614198716e-05,0.0053002768266586,0.0,0.0007715847485586,3.1216966876683874e-05,0.0195982643601351,0.0,0.0058006586691909,0.0,0.000313021307562,0.0052640381275751,0.0480631164194638,0.0,0.0,0.0009731588413541,0.0003685246635329,0.0082941689613192,0.0,0.0,0.0,0.0,0.0,0.0028147543190934,0.0001218430814405,0.0009765653965354,0.0,0.0001698578893835,0.0,0.0,0.0,0.0,0.0008301128905956,0.0018695820905646,0.0,0.0,0.0,0.0025603492541332,0.0,0.0,0.0,0.0001234582584661,5.923294655716967e-05,0.0021921182591504,0.0,0.0,0.0014935395121489,0.0098581595586396,0.0013219783451747,0.0,0.0,0.0,0.0,0.0,0.0,0.0,2.4080821109012947e-06,3.905791716461858e-06,0.0011670388181367,0.0001574650765688,0.0005635205808058,0.0,0.0,0.0001387583899268,0.0031310647144168,0.0,0.0,0.0,0.0001454540328694,0.0,1.941149116226532e-05,0.0,1.0689535224000869e-05,0.0,0.0,0.0,0.0,0.0,8.193352548066601e-06,0.0,0.0,0.0,0.0,0.0,9.914250251710695e-05,0.0,0.0,0.0,0.0,0.0,0.0,0.0,0.0,0.0,0.0,0.0,0.0,0.0005330965190144,0.0,0.0029081702848833,1.908845575714442e-06,0.0,0.1911850098650614,0.0,0.0,2.099730133285885e-05,0.0,0.0,0.0,0.0,0.0,0.0,0.0,0.0002186949692668,0.0,0.0,0.0,0.0,0.0,3.1598735991826753e-05,0.0,0.0,0.0,0.0,0.0,0.0028819750502135,0.0,0.0001001409755873,0.0,0.0,0.0,0.0,0.0,0.0,0.0,0.0002106778178488,0.0,0.0,0.0,0.0,0.0,0.5306179858184542,0.0,0.0,0.0,0.0080824926703999,0.0,0.0003674380898974,0.0,0.0,0.0,0.0,8.64266542973477e-05,0.0,0.0,0.0,0.0,0.0,0.0,0.0,0.0,0.0,9.964173905229384e-05,0.0,0.0,0.0,0.0,0.0,0.0,9.76447929115464e-05,0.0,0.0,0.0,0.0,3.700223731384917e-06,0.0,0.0,0.0,0.0,0.0,0.0,0.0,0.0,0.0
